point.id,motherset,origin,original.label,diff.score,ground.truth,V,V.1,V.2,V.3,V.4,V.5,V.6,V.7,noise..1,noise..2,noise..3
concrete_point_0740,concrete,regression,25.18,0.258340767252984,nominal,0.141925671168725,-0.856471824489096,-0.846732596814649,0.20758045690609,-1.03863825410222,1.50578924913936,-0.0571303952724697,-0.279597287383783,-0.846732596814649,-0.0844783383116881,0.60184721515168
concrete_point_1010,concrete,regression,42.64,0.329386786570177,anomaly,0.162020141109876,-0.856471824489096,0.825220667508684,0.226312118698435,-0.0175197477298962,-1.20789911313106,0.519102036410212,-0.279597287383783,0.387700187125008,0.903160872769744,0.635326510442576
concrete_point_0185,concrete,regression,11.58,0.354736318091141,nominal,-0.562337656292554,-0.856471824489096,0.66427563365326,0.362116666692935,-0.285354110057064,-0.0748377637660127,1.20634028285427,-0.675355321142161,0.714277974268537,0.903160872769744,-1.03863825410222
concrete_point_0014,concrete,regression,42.33,0.389008489722145,anomaly,-0.872366621098879,1.34567756782672,-0.846732596814649,2.1744049451023,-1.03863825410222,-0.52626175199204,-1.29191417744964,0.701882636336994,0.714277974268537,0.0494388428518959,-0.0677386906662401
concrete_point_0964,concrete,regression,37.43,0.32552550898623,anomaly,-1.25511842950175,1.88810173393399,-0.846732596814649,-0.363735227760428,0.953379815706088,1.23956484582658,-1.23204587285923,-0.279597287383783,-0.846732596814649,1.95775867443297,-1.03863825410222
concrete_point_0353,concrete,regression,51.43,0.337637957992726,anomaly,-0.647499933662193,-0.856471824489096,1.87526982042951,-1.26285499379298,0.919900520415191,1.02092644697067,0.0239412671937084,0.1636517104256,-0.846732596814649,3.68194238191411,-1.03863825410222
concrete_point_0279,concrete,regression,43.58,0.314209701844569,anomaly,-0.284842595200474,-0.856471824489096,1.00179143280638,0.324653343108245,-0.0677386906662401,0.71354658034383,-0.198070362329056,0.860185849840345,1.356495536546,-1.03863825410222,-1.03863825410222
concrete_point_0877,concrete,regression,33.06,0.351457771982088,nominal,-1.29339361034204,1.809287966209,-0.846732596814649,0.956846928599884,-0.536448824738784,-1.87667539198443,1.22754364073004,-0.279597287383783,1.32524407366146,1.33839171155139,0.802722986897056
concrete_point_0538,concrete,regression,43.94,0.33363583107628,anomaly,1.90258398982193,-0.856471824489096,-0.846732596814649,0.488555383791262,-1.03863825410222,-0.472245206392344,-0.765571999592302,-0.279597287383783,-0.846732596814649,0.919900520415191,-1.03863825410222
concrete_point_0415,concrete,regression,12.55,0.334854423699001,nominal,-0.869495982535857,-0.856471824489096,1.10960897975807,-0.700905140022636,0.618586862797128,1.3643173439973,0.315799252071949,-0.675355321142161,-0.463902176478933,0.133137081079136,-1.03863825410222
concrete_point_0087,concrete,regression,35.3,0.248923119412613,anomaly,0.779207432159503,1.33408730786716,-0.846732596814649,-0.780514702640102,0.903160872769744,-0.362926006964389,-0.221768232896093,-0.675355321142161,-0.846732596814649,0.534888624569888,0.76924369160616
concrete_point_0375,concrete,regression,16.28,0.368323466578649,nominal,0.907429287974464,-0.856471824489096,-0.846732596814649,1.54689427505875,-1.03863825410222,0.393305631431348,-0.139449314084281,-0.675355321142161,0.498642880365154,-1.03863825410222,-1.03863825410222
concrete_point_0332,concrete,regression,52.5,0.358092690505221,anomaly,-0.328859053166804,-0.856471824489096,1.10804640661385,-1.79202443942672,0.970119463351536,1.46463378582531,0.340744378984619,-0.279597287383783,-0.846732596814649,1.03707805393333,0.0326991952064479
concrete_point_0633,concrete,regression,30.57,0.349193879034247,nominal,0.419420732260806,-0.856471824489096,-0.846732596814649,0.113922147944365,-1.03863825410222,1.15854002742703,0.117485493116221,-0.279597287383783,-0.846732596814649,0.133137081079136,-1.03863825410222
concrete_point_0544,concrete,regression,10.22,0.33744974741201,nominal,-0.250394932444216,-0.856471824489096,-0.846732596814649,0.488555383791262,-1.03863825410222,-1.06899942444612,2.1380407730425,-0.61203403574082,0.623648731903347,0.618586862797128,0.467930033988096
concrete_point_0776,concrete,regression,22.44,0.271367004855788,nominal,-0.00160625698235075,-0.856471824489096,-0.846732596814649,0.20758045690609,-1.03863825410222,1.68584440113835,0.00523242200920574,-0.279597287383783,-0.846732596814649,0.0494388428518959,-0.117957633602584
concrete_point_0890,concrete,regression,33.72,0.346766110633203,nominal,-0.183413365973714,0.430047031021724,0.497080307220927,0.629042847233849,-0.201655871829824,-1.00212179656079,-0.506142679700533,-0.279597287383783,0.918975056162328,1.7234036073967,-0.117957633602584
concrete_point_0601,concrete,regression,27.04,0.27687392836631,nominal,0.55338386520181,-0.856471824489096,-0.846732596814649,0.722701156195573,-1.03863825410222,-0.0632627897089354,0.0925403662035513,-0.501221786288474,-0.846732596814649,0.819462634542504,0.919900520415191
concrete_point_0948,concrete,regression,23.84,0.334842146941331,nominal,0.178287092966998,-0.856471824489096,1.02523002996979,1.40172389616807,0.618586862797128,-1.21818797895957,-0.573494522364742,-0.279597287383783,-0.846732596814649,0.551628272215336,-1.03863825410222
concrete_point_0339,concrete,regression,58.61,0.388898341383057,anomaly,-0.0580621487217738,-0.856471824489096,1.05023120027743,-1.03339213683676,0.618586862797128,1.037645853942,0.0488863941063785,0.860185849840345,-0.846732596814649,0.618586862797128,-0.0677386906662401
concrete_point_0463,concrete,regression,37.68,0.38879864436697,anomaly,-1.04077741679614,-0.698844289039122,1.84714350383341,-1.15983085393508,-0.352312700638856,0.429316661831145,1.03297165081122,0.860185849840345,0.723653413133902,-1.03863825410222,0.300533557533616
concrete_point_0732,concrete,regression,15.87,0.258582582585224,nominal,0.649071817302527,-0.856471824489096,-0.846732596814649,0.488555383791262,-1.03863825410222,1.06851245142754,0.441772142980934,-0.675355321142161,1.10804640661385,-1.03863825410222,-1.03863825410222
concrete_point_0849,concrete,regression,33.4,0.348607621355825,nominal,-0.279101318074431,0.267783391587926,0.340822992798185,0.582213692752987,0.300533557533616,-1.77378673369929,0.591442904456955,-0.279597287383783,-0.846732596814649,0.568367919860784,-1.03863825410222
concrete_point_0768,concrete,regression,31.35,0.375732077861209,nominal,0.99354844486511,-0.856471824489096,-0.846732596814649,0.20758045690609,-1.03863825410222,-0.0889849542802189,-0.13196577601048,-0.279597287383783,-0.846732596814649,-1.03863825410222,-1.03863825410222
concrete_point_0275,concrete,regression,17.22,0.27683609943536,nominal,-0.284842595200474,-0.856471824489096,1.00179143280638,0.324653343108245,-0.0677386906662401,0.71354658034383,-0.198070362329056,-0.675355321142161,0.387700187125008,0.76924369160616,0.8529419298334
concrete_point_0126,concrete,regression,56.4,0.371596361121022,anomaly,2.3934631840986,-0.856471824489096,-0.846732596814649,-1.86226817114802,3.68194238191411,-1.55386222661482,1.49819826773252,-0.279597287383783,0.723653413133902,0.0494388428518959,-1.03863825410222
concrete_point_0480,concrete,regression,38.02,0.362469059792009,anomaly,1.57724495267949,-0.57830558545973,0.387700187125008,-0.916319250634602,0.903160872769744,-0.0761238719945772,-0.768066512283569,-0.61203403574082,-0.846732596814649,0.300533557533616,-1.03863825410222
concrete_point_0371,concrete,regression,26.05,0.331891813882407,nominal,-0.595828439527806,-0.856471824489096,1.09242067517157,-1.08022129131762,0.8529419298334,1.36045901931161,0.265908998246609,-0.501221786288474,-0.846732596814649,-1.03863825410222,0.618586862797128
concrete_point_0865,concrete,regression,31.87,0.331896442731778,nominal,0.161063261588869,-0.856471824489096,0.825220667508684,1.33148016444678,0.802722986897056,-1.19503803084541,-0.368944481680847,-0.279597287383783,-0.846732596814649,0.367492148115408,0.903160872769744
concrete_point_0226,concrete,regression,17.82,0.338122142747334,nominal,-1.08288011572046,-0.368521880191749,1.71276221342986,-2.79885126076526,-0.0844783383116881,1.10323737359878,0.08131505909285,-0.501221786288474,-0.846732596814649,0.467930033988096,0.68554545337892
concrete_point_0606,concrete,regression,6.47,0.315966973349193,nominal,-0.432202041435579,-0.856471824489096,-0.846732596814649,0.582213692752987,-1.03863825410222,-0.0632627897089354,1.3896869656624,-0.675355321142161,-0.846732596814649,-1.03863825410222,0.534888624569888
concrete_point_0314,concrete,regression,52.04,0.35849889142859,anomaly,0.139055032605704,-0.856471824489096,0.647087329066758,-0.471442283066412,0.451190386342648,-0.229170751193714,1.06789482848896,0.860185849840345,-0.846732596814649,1.7234036073967,-1.03863825410222
concrete_point_0058,concrete,regression,9.13,0.323641307114415,nominal,-0.790074982292262,0.678078594156242,-0.846732596814649,0.488555383791262,-1.03863825410222,0.070492466061739,0.647569440010462,-0.675355321142161,0.648649902210986,1.63970536916946,0.484669681633544
concrete_point_0727,concrete,regression,14.31,0.308695639121445,nominal,0.476833503521236,-0.856471824489096,-0.846732596814649,0.488555383791262,-1.03863825410222,0.669818900572647,0.591442904456955,-0.675355321142161,0.722090839989674,-1.03863825410222,-1.03863825410222
concrete_point_0665,concrete,regression,19.35,0.361477864525317,nominal,-0.29632514945256,1.076783536765,-0.846732596814649,1.02709066032118,-1.03863825410222,0.0602036002332262,-0.991325398151967,-0.61203403574082,1.76276455404513,-1.03863825410222,-1.03863825410222
concrete_point_0592,concrete,regression,19.77,0.21489815867502,nominal,-0.274316920469395,-0.856471824489096,-0.846732596814649,0.19353171056183,-1.03863825410222,1.78358862650923,0.133699825609457,-0.279597287383783,1.08773295573889,2.0749362079511,-1.03863825410222
concrete_point_0717,concrete,regression,10.09,0.338730414468936,nominal,-1.58045746664419,1.14864314851425,-0.846732596814649,0.488555383791262,-1.03863825410222,-0.811777778733288,1.47574765351111,-0.61203403574082,1.00647915223906,-1.03863825410222,-1.03863825410222
concrete_point_0886,concrete,regression,26.23,0.348656578391515,nominal,-1.22641204387153,0.824115869646659,0.918975056162328,-0.167052778940808,0.300533557533616,-1.36223210055876,0.62886059482596,-0.279597287383783,0.722090839989674,0.903160872769744,0.668805805733471
concrete_point_0266,concrete,regression,31.35,0.364695875848636,nominal,-0.661853126477301,-0.856471824489096,1.10335868718116,-1.05680671407719,0.26705426224272,1.44662827062541,0.32328279014575,-0.501221786288474,1.05335634656589,-1.03863825410222,-1.03863825410222
concrete_point_0558,concrete,regression,17.24,0.365326771460074,nominal,-0.24561053483918,1.11734944662345,-0.846732596814649,0.19353171056183,-1.03863825410222,0.690396632229673,-0.614653981770648,-0.61203403574082,1.11273412604653,-1.03863825410222,0.0829181381427919
concrete_point_0982,concrete,regression,10.54,0.348443001001706,nominal,-1.29913488746808,-0.856471824489096,1.94871075820819,0.942798182255625,0.26705426224272,-1.91525863884135,1.18638418132414,-0.279597287383783,1.00647915223906,-1.03863825410222,0.283793909888168
concrete_point_0873,concrete,regression,32.4,0.351490408680665,nominal,-0.192982161183785,0.302554171466597,0.372074455682734,0.910017774119022,0.467930033988096,-1.40081534741568,-0.15691090292315,-0.279597287383783,1.356495536546,0.400971443406304,-1.03863825410222
concrete_point_0345,concrete,regression,17.57,0.329728454083438,nominal,-0.645586174620179,-0.856471824489096,1.88308268615064,-1.25348916289681,0.668805805733471,1.03635974571344,0.0351665743044097,-0.675355321142161,-0.846732596814649,0.166616376370032,0.802722986897056
concrete_point_0196,concrete,regression,24.99,0.309552812417729,nominal,-0.827393283611542,-0.856471824489096,0.723653413133902,-0.747734294503499,0.216835319306376,0.430602770059709,1.6503635418998,-0.501221786288474,0.825220667508684,-1.03863825410222,-1.03863825410222
concrete_point_0870,concrete,regression,31.18,0.351941021212902,nominal,0.39071434663059,-0.856471824489096,0.965852250489151,0.675872001714711,0.635326510442576,-1.9924251325552,0.491662396806274,-0.279597287383783,-0.846732596814649,0.802722986897056,0.903160872769744
concrete_point_0548,concrete,regression,23.4,0.336464919903037,nominal,0.49597109394138,-0.856471824489096,-0.846732596814649,0.488555383791262,-1.03863825410222,-0.536550617820553,0.860850275113793,-0.61203403574082,-0.846732596814649,-0.268614462411616,-1.03863825410222
concrete_point_0201,concrete,regression,21.06,0.302795284499673,nominal,-0.865668464451829,-0.856471824489096,1.11273412604653,-0.911636335186516,0.26705426224272,1.50578924913936,0.379409325699258,-0.501221786288474,1.00647915223906,0.451190386342648,0.68554545337892
concrete_point_0187,concrete,regression,24.89,0.361575672140661,nominal,-0.562337656292554,-0.856471824489096,0.66427563365326,0.362116666692935,-0.285354110057064,-0.0748377637660127,1.20634028285427,-0.279597287383783,-0.846732596814649,0.451190386342648,0.903160872769744
concrete_point_0282,concrete,regression,32.66,0.298995813576952,nominal,-0.284842595200474,-0.856471824489096,1.00179143280638,0.324653343108245,0.0326991952064479,0.71354658034383,-0.198070362329056,-0.279597287383783,-0.846732596814649,0.216835319306376,0.869681577478848
concrete_point_0281,concrete,regression,24.43,0.242941518540404,nominal,-0.284842595200474,-0.856471824489096,1.00179143280638,0.324653343108245,0.0326991952064479,0.71354658034383,-0.198070362329056,-0.501221786288474,1.08773295573889,0.970119463351536,0.300533557533616
concrete_point_0411,concrete,regression,21.29,0.36674874377201,nominal,-1.04077741679614,-0.698844289039122,1.84714350383341,-1.15983085393508,-0.352312700638856,0.429316661831145,1.03297165081122,-0.675355321142161,-0.846732596814649,-1.03863825410222,-1.03863825410222
concrete_point_0795,concrete,regression,26.74,0.396307680466598,nominal,0.199338442429156,-0.856471824489096,-0.846732596814649,1.00367608308075,-1.03863825410222,0.0139037040049154,0.541552650631614,2.12661155786715,0.723653413133902,0.886421225124296,-1.03863825410222
concrete_point_0200,concrete,regression,15.04,0.325664111690285,nominal,-0.865668464451829,-0.856471824489096,1.11273412604653,-0.911636335186516,0.26705426224272,1.50578924913936,0.379409325699258,-0.675355321142161,1.21586395356554,-0.536448824738784,-0.0677386906662401
concrete_point_0644,concrete,regression,20.28,0.351110194337674,nominal,0.658640612512599,-0.856471824489096,-0.846732596814649,0.20758045690609,-1.03863825410222,0.991345957713692,-0.0446578318161346,-0.61203403574082,-0.846732596814649,0.618586862797128,-1.03863825410222
concrete_point_0892,concrete,regression,13.46,0.350616615597535,nominal,-1.24554963429168,-0.856471824489096,2.04402772000607,-0.682173478230291,1.63970536916946,1.30001193256909,-1.19213366979896,-0.279597287383783,1.00179143280638,1.13751593980602,-0.0677386906662401
concrete_point_1028,concrete,regression,23.7,0.348154039318467,nominal,-1.26947162231686,0.759210413873141,0.850221837816322,0.521335791927865,-0.0175197477298962,-1.03556061050346,0.0800678027472162,-0.279597287383783,-0.846732596814649,-1.03863825410222,0.216835319306376
concrete_point_0803,concrete,regression,31.65,0.288019211395363,nominal,0.55338386520181,-0.856471824489096,-0.846732596814649,0.160751302425227,-1.03863825410222,1.11995678057011,-0.244218847117496,-0.279597287383783,0.697089669682036,1.95775867443297,-0.0844783383116881
concrete_point_0023,concrete,regression,8.06,0.346391703565019,nominal,-1.35463389968649,1.57052861104213,-0.846732596814649,0.488555383791262,-1.03863825410222,0.952762710856766,0.41557975972263,-0.675355321142161,-0.846732596814649,0.283793909888168,-1.03863825410222
concrete_point_0714,concrete,regression,9.69,0.34650545598652,nominal,-1.18813686303125,1.87882952596634,-0.846732596814649,0.488555383791262,-1.03863825410222,-0.482534072220858,0.0950348788948189,-0.675355321142161,-0.846732596814649,1.10403664451512,0.551628272215336
concrete_point_0675,concrete,regression,13.57,0.345968143572473,nominal,-0.432202041435579,0.963198989161343,-0.846732596814649,0.488555383791262,-1.03863825410222,-0.00410181119498281,-0.305334408053538,-0.675355321142161,-0.846732596814649,0.903160872769744,0.8529419298334
concrete_point_0127,concrete,regression,60.29,0.268923218341142,anomaly,1.37630025326798,0.375572809211806,-0.846732596814649,-1.31436706372193,1.7234036073967,-1.55386222661482,1.4158793489207,-0.279597287383783,1.08773295573889,0.451190386342648,0.417711091051752
concrete_point_0933,concrete,regression,24.34,0.403168473234809,nominal,-1.21684324866146,1.16023340847381,2.04402772000607,2.1744049451023,0.133137081079136,-1.64517591084288,-2.01532285791708,-0.279597287383783,-0.846732596814649,-1.03863825410222,-0.352312700638856
concrete_point_0737,concrete,regression,12.05,0.260067174701102,nominal,-0.413064451015435,-0.856471824489096,-0.846732596814649,0.20758045690609,-1.03863825410222,1.87876063542298,0.192320873854232,-0.61203403574082,-0.846732596814649,0.133137081079136,0.216835319306376
concrete_point_0627,concrete,regression,9.99,0.300793224676961,nominal,-0.432202041435579,-0.856471824489096,-0.846732596814649,0.535384538272125,-1.03863825410222,-0.0632627897089354,1.3896869656624,-0.61203403574082,1.05023120027743,0.467930033988096,0.233574966951824
concrete_point_0790,concrete,regression,32.72,0.331708951412611,nominal,0.649071817302527,-0.856471824489096,-0.846732596814649,0.488555383791262,-1.03863825410222,0.952762710856766,0.404354452611928,-0.279597287383783,2.20028503442881,0.903160872769744,0.719024748669816
concrete_point_0653,concrete,regression,4.57,0.346730819261305,nominal,-1.71442059958519,0.916837949323115,-0.846732596814649,0.488555383791262,-1.03863825410222,-1.10501045484592,2.1006230826735,-0.675355321142161,1.0596066391428,-1.03863825410222,1.07055734922422
concrete_point_0904,concrete,regression,12.46,0.348921348361098,nominal,-1.20727445345139,-0.856471824489096,1.38774699943055,0.535384538272125,0.467930033988096,0.952762710856766,-0.955154964128596,-0.279597287383783,0.812720082354864,-0.201655871829824,-1.03863825410222
concrete_point_0771,concrete,regression,14.99,0.243209433171847,nominal,0.649071817302527,-0.856471824489096,-0.846732596814649,0.488555383791262,-1.03863825410222,0.952762710856766,0.404354452611928,-0.675355321142161,0.697089669682036,0.451190386342648,0.133137081079136
concrete_point_0871,concrete,regression,23.69,0.348141425768404,nominal,-1.26468722471182,0.754574309889318,0.856472130393232,0.535384538272125,-0.0342593953753441,-1.04070504341771,0.0800678027472162,-0.279597287383783,-0.846732596814649,-1.03863825410222,0.785983339251608
concrete_point_0975,concrete,regression,15.53,0.348559780814377,nominal,-1.27329914040088,-0.856471824489096,1.99871309882347,-0.00783365370587613,1.47230889271498,-1.72362851278529,1.38095617124296,-0.279597287383783,-0.846732596814649,-1.03863825410222,0.26705426224272
concrete_point_0810,concrete,regression,19.69,0.216009522362171,nominal,-0.279101318074431,-0.856471824489096,-0.846732596814649,0.160751302425227,-1.03863825410222,1.77587197713784,0.129958056572557,-0.279597287383783,1.356495536546,-1.03863825410222,-0.0844783383116881
concrete_point_0310,concrete,regression,22.95,0.445748994044464,nominal,0.139055032605704,-0.856471824489096,0.647087329066758,-0.471442283066412,0.451190386342648,-0.229170751193714,1.06789482848896,-0.675355321142161,-0.846732596814649,-1.03863825410222,-0.536448824738784
concrete_point_0285,concrete,regression,13.62,0.366597537295599,nominal,-0.954658259905496,-0.856471824489096,1.76276455404513,-0.56041767658005,0.233574966951824,1.06336801851328,0.0526281631432785,-0.675355321142161,-0.846732596814649,-1.03863825410222,-1.03863825410222
concrete_point_0728,concrete,regression,17.44,0.299832156230688,nominal,0.476833503521236,-0.856471824489096,-0.846732596814649,0.488555383791262,-1.03863825410222,0.669818900572647,0.591442904456955,-0.61203403574082,-0.846732596814649,-0.0175197477298962,0.568367919860784
concrete_point_0553,concrete,regression,9.62,0.400400331612128,nominal,-1.17091303165312,1.90432809787737,-0.846732596814649,0.19353171056183,-1.03863825410222,0.870451784228658,-0.489928347207298,-0.61203403574082,1.11273412604653,0.0829181381427919,1.35513135919684
concrete_point_0547,concrete,regression,31.97,0.395338630686201,nominal,0.49597109394138,-0.856471824489096,-0.846732596814649,0.488555383791262,-1.03863825410222,-0.536550617820553,0.860850275113793,-0.279597287383783,1.86433180841991,-1.03863825410222,0.919900520415191
concrete_point_0210,concrete,regression,10.03,0.326980554917857,nominal,-0.489614812696009,-0.856471824489096,1.00179143280638,0.65245742447428,-0.268614462411616,0.726407662629472,-0.186845055218354,-0.675355321142161,1.09554582146003,0.400971443406304,0.26705426224272
concrete_point_0099,concrete,regression,55.6,0.322094213946668,anomaly,1.85474001377157,0.520451058706268,-0.846732596814649,-0.0218824000501353,0.451190386342648,-1.55386222661482,0.0987766479317189,-0.61203403574082,1.14867330836376,-1.03863825410222,-1.03863825410222
concrete_point_0186,concrete,regression,24.45,0.32339776561427,nominal,-0.562337656292554,-0.856471824489096,0.66427563365326,0.362116666692935,-0.285354110057064,-0.0748377637660127,1.20634028285427,-0.501221786288474,-0.846732596814649,0.133137081079136,-0.117957633602584
concrete_point_0672,concrete,regression,20.42,0.338207159219159,nominal,-0.432202041435579,0.963198989161343,-0.846732596814649,0.488555383791262,-1.03863825410222,-0.00410181119498281,-0.305334408053538,-0.61203403574082,-0.846732596814649,-0.469490234156992,0.568367919860784
concrete_point_0920,concrete,regression,25.1,0.347513626947457,nominal,0.304595189739945,-0.856471824489096,-0.846732596814649,-0.167052778940808,0.300533557533616,0.348291843431602,0.60391546791329,-0.279597287383783,1.10335868718116,1.57274677858766,-1.03863825410222
concrete_point_0831,concrete,regression,33.76,0.348569814630011,nominal,-1.14029288698089,1.34567756782672,1.46587565664192,-0.120223624459946,2.1418947985329,-1.73520348684237,-0.406362172049852,-0.279597287383783,-0.846732596814649,0.300533557533616,0.467930033988096
concrete_point_0913,concrete,regression,43.57,0.329037832202162,anomaly,-0.0398814378226377,0.499588590779065,0.575208964432297,0.4417262293104,0.133137081079136,-0.346206599993055,-1.34180443127498,-0.279597287383783,-0.846732596814649,1.7234036073967,0.953379815706088
concrete_point_0954,concrete,regression,8.54,0.348549518479556,nominal,-1.17474054973715,-0.856471824489096,2.19872246128458,1.78572296291114,0.802722986897056,-0.967396874389553,-0.756841205172868,-0.279597287383783,-0.846732596814649,0.400971443406304,0.200095671660928
concrete_point_0566,concrete,regression,14.84,0.272468061343855,nominal,0.140011912126711,-0.856471824489096,-0.846732596814649,0.19353171056183,-1.03863825410222,1.52379476433926,-0.0533886262355697,-0.61203403574082,-0.846732596814649,0.635326510442576,0.166616376370032
concrete_point_0650,concrete,regression,6.9,0.344992764929791,nominal,-1.09436266997254,2.04341121739205,-0.846732596814649,1.02709066032118,-1.03863825410222,0.0344814356619426,-1.01003424333647,-0.675355321142161,1.65182186080499,0.384231795760856,-1.03863825410222
concrete_point_0657,concrete,regression,11.41,0.322864172965921,nominal,-0.776678668998162,0.685032750131976,-0.846732596814649,0.488555383791262,-1.03863825410222,-0.0967016036516043,0.406848965303196,-0.675355321142161,-0.846732596814649,-1.03863825410222,0.283793909888168
concrete_point_0974,concrete,regression,26.15,0.347846911174029,nominal,-1.31444495980419,0.723280607998514,0.812720082354864,-0.162369863492722,0.216835319306376,-0.404081470278443,0.0089741910461057,-0.279597287383783,1.10960897975807,1.33839171155139,0.919900520415191
concrete_point_0957,concrete,regression,23.52,0.3416394813315,nominal,-1.26468722471182,0.506542746754799,0.586146976441889,0.0624100780154171,0.149876728724584,-0.251034591079306,0.0838095717841162,-0.279597287383783,-0.846732596814649,-1.03863825410222,0.903160872769744
concrete_point_0567,concrete,regression,32.05,0.364985530193843,nominal,-0.24561053483918,1.11734944662345,-0.846732596814649,0.19353171056183,-1.03863825410222,0.690396632229673,-0.614653981770648,-0.279597287383783,0.697089669682036,-1.03863825410222,-1.03863825410222
concrete_point_0296,concrete,regression,23.51,0.337291367723476,nominal,-1.07426820003139,-0.367362854195794,1.09554582146003,-1.08958712221379,0.76924369160616,1.38746729211146,0.282123330739845,-0.501221786288474,-0.846732596814649,-1.03863825410222,-0.0342593953753441
concrete_point_0256,concrete,regression,26.31,0.314763562135593,nominal,-0.657068728872265,-0.856471824489096,0.722090839989674,-1.04275796773293,0.417711091051752,0.448608285259607,1.62167664595023,-0.501221786288474,0.722090839989674,0.819462634542504,1.47230889271498
concrete_point_0241,concrete,regression,22.32,0.272397769641984,nominal,-0.492485451259031,-0.856471824489096,1.00022885966215,0.638408678130021,-0.0175197477298962,0.709688255658135,-0.199317618674689,-0.501221786288474,1.87526982042951,-1.03863825410222,0.903160872769744
concrete_point_0519,concrete,regression,23.25,0.410371665985455,nominal,-0.757541078578018,-0.72897896493397,1.356495536546,1.14416354652333,-0.754064244129608,-0.397650929135622,0.341991635330253,0.1636517104256,1.00179143280638,0.400971443406304,2.02471726501476
concrete_point_0518,concrete,regression,15.07,0.337721313317573,nominal,-0.757541078578018,-0.72897896493397,1.356495536546,1.14416354652333,-0.754064244129608,-0.397650929135622,0.341991635330253,-0.61203403574082,-0.846732596814649,-1.03863825410222,0.919900520415191
concrete_point_0722,concrete,regression,11.85,0.319996963363384,nominal,0.27588880410973,-0.856471824489096,-0.846732596814649,0.488555383791262,-1.03863825410222,0.502624830859304,0.70369597556397,-0.675355321142161,1.43462419375738,-0.268614462411616,-1.03863825410222
concrete_point_0906,concrete,regression,13.29,0.347117252465192,nominal,-1.39865035765282,-0.856471824489096,1.74713882260286,-0.0733944699790834,0.635326510442576,-0.153290365708428,0.391881889155593,-0.279597287383783,-0.846732596814649,-1.03863825410222,-1.03863825410222
concrete_point_0746,concrete,regression,22.44,0.273833390870423,nominal,-0.00160625698235075,-0.856471824489096,-0.846732596814649,0.160751302425227,-1.03863825410222,1.68584440113835,0.00523242200920574,-0.279597287383783,1.65182186080499,-1.03863825410222,-1.03863825410222
concrete_point_0612,concrete,regression,21.26,0.319602167518056,nominal,-0.0398814378226377,-0.856471824489096,-0.846732596814649,0.4417262293104,-1.03863825410222,-0.0632627897089354,1.02798262542868,-0.501221786288474,-0.846732596814649,-1.03863825410222,2.87843929493261
concrete_point_0583,concrete,regression,25.73,0.401740011392177,nominal,-1.06087188673729,0.945813599222007,-0.846732596814649,0.19353171056183,-1.03863825410222,0.690396632229673,-0.614653981770648,-0.279597287383783,-0.846732596814649,0.618586862797128,-1.03863825410222
concrete_point_0590,concrete,regression,31.9,0.282837968507569,nominal,0.555297624243824,-0.856471824489096,-0.846732596814649,0.19353171056183,-1.03863825410222,1.23827873759801,-0.240477078080596,-0.279597287383783,1.66901016539149,0.334012852824512,1.35513135919684
concrete_point_0579,concrete,regression,17.2,0.382859398155224,nominal,-0.838875837863628,2.50702161577433,-0.846732596814649,0.19353171056183,-1.03863825410222,0.325141895317447,-0.86410525089735,-0.61203403574082,0.504893172942064,1.00359875864243,0.467930033988096
concrete_point_0250,concrete,regression,13.82,0.312487916013787,nominal,-0.298238908494575,-0.856471824489096,0.648649902210986,0.273141273179297,-0.117957633602584,-0.20602080307956,1.09283995540163,-0.675355321142161,-0.846732596814649,-0.117957633602584,0.8529419298334
concrete_point_0745,concrete,regression,14.5,0.308677512166941,nominal,-0.00160625698235075,-0.856471824489096,-0.846732596814649,0.20758045690609,-1.03863825410222,1.68584440113835,0.00523242200920574,-0.61203403574082,1.11273412604653,0.317273205179064,-1.03863825410222
concrete_point_0227,concrete,regression,24.24,0.374366779952792,nominal,-1.08288011572046,-0.368521880191749,1.71276221342986,-2.79885126076526,-0.0844783383116881,1.10323737359878,0.08131505909285,-0.279597287383783,-0.846732596814649,0.26705426224272,-1.03863825410222
concrete_point_0836,concrete,regression,15.42,0.347434868216118,nominal,-1.31253120076218,-0.856471824489096,1.88777040558333,-1.10363586855805,1.97449832207842,-0.38478984684998,0.878311863952661,-0.279597287383783,-0.846732596814649,0.568367919860784,0.26705426224272
concrete_point_0576,concrete,regression,17.58,0.234062158129839,nominal,-0.412107571494428,-0.856471824489096,-0.846732596814649,0.19353171056183,-1.03863825410222,1.87618841896585,0.196062642891132,-0.279597287383783,1.07523237058507,0.618586862797128,-1.03863825410222
concrete_point_0868,concrete,regression,37.91,0.330586500216537,anomaly,-1.1020177061406,2.15699576499571,-0.846732596814649,0.0670929934635031,1.13751593980602,-1.46512075884389,0.666278285194965,-0.279597287383783,0.62208615875912,-1.03863825410222,-1.03863825410222
concrete_point_0417,concrete,regression,15.61,0.329614143338236,nominal,-0.647499933662193,-0.856471824489096,1.87526982042951,-1.04744088318102,0.919900520415191,0.909035031085583,-0.0209599612490982,-0.675355321142161,0.623648731903347,-1.03863825410222,0.819462634542504
concrete_point_0635,concrete,regression,24.5,0.368094458665102,nominal,-0.0590190282427812,-0.856471824489096,-0.846732596814649,0.0670929934635031,-1.03863825410222,1.48006708456808,0.429299579524599,-0.279597287383783,0.0751855582795249,1.28817276861505,-1.03863825410222
concrete_point_0824,concrete,regression,29.59,0.394296951517914,nominal,0.39071434663059,-0.856471824489096,-0.846732596814649,1.00367608308075,-1.03863825410222,0.0139037040049154,0.329519071873918,2.12661155786715,0.387700187125008,-0.285354110057064,-1.03863825410222
concrete_point_0432,concrete,regression,20.73,0.272436684061109,nominal,-0.284842595200474,-0.856471824489096,1.00179143280638,0.530701622824039,-0.0677386906662401,0.909035031085583,-0.240477078080596,-0.501221786288474,-0.846732596814649,0.802722986897056,0.467930033988096
concrete_point_0801,concrete,regression,13.71,0.234330584047895,nominal,-0.279101318074431,-0.856471824489096,-0.846732596814649,0.160751302425227,-1.03863825410222,1.77587197713784,0.129958056572557,-0.61203403574082,1.10335868718116,0.26705426224272,-1.03863825410222
concrete_point_0811,concrete,regression,14.99,0.311472074435879,nominal,0.27588880410973,-0.856471824489096,-0.846732596814649,0.488555383791262,-1.03863825410222,-0.0375406251376518,0.953147244690672,-0.61203403574082,0.715840547412765,0.68554545337892,-1.03863825410222
concrete_point_0922,concrete,regression,9.74,0.34896022035185,nominal,-1.20727445345139,-0.856471824489096,1.38774699943055,0.535384538272125,0.467930033988096,-1.23362127770234,1.1776533869047,-0.279597287383783,1.21586395356554,-0.0175197477298962,0.903160872769744
concrete_point_0243,concrete,regression,31.35,0.408914949768495,nominal,-0.492485451259031,-0.856471824489096,1.00022885966215,0.638408678130021,-0.0175197477298962,0.709688255658135,-0.199317618674689,0.1636517104256,1.10804640661385,-1.03863825410222,-1.03863825410222
concrete_point_0607,concrete,regression,12.84,0.297952919045117,nominal,-0.432202041435579,-0.856471824489096,-0.846732596814649,0.582213692752987,-1.03863825410222,-0.0632627897089354,1.3896869656624,-0.501221786288474,-0.846732596814649,1.7234036073967,0.0829181381427919
concrete_point_0686,concrete,regression,13.66,0.338921102530421,nominal,-1.41778794807297,1.46158016742229,-0.846732596814649,0.488555383791262,-1.03863825410222,-0.585422730505992,0.818443559362254,-0.61203403574082,-0.846732596814649,0.802722986897056,-1.03863825410222
concrete_point_0637,concrete,regression,26.85,0.352361515091098,nominal,0.180200852009012,-0.856471824489096,-0.846732596814649,0.113922147944365,-1.03863825410222,1.31287301485474,0.267156254592242,-0.279597287383783,1.09242067517157,0.953379815706088,1.10403664451512
concrete_point_0618,concrete,regression,9.31,0.391833018983524,nominal,-0.259963727654288,-0.856471824489096,-0.846732596814649,0.769530310676435,-1.03863825410222,-0.0632627897089354,1.11529056962303,-0.675355321142161,-0.846732596814649,-1.03863825410222,4.35152828773203
concrete_point_0105,concrete,regression,33.4,0.360668633213315,nominal,0.360094201958361,1.60645841691675,-0.846732596814649,-1.21134292386403,1.35513135919684,-1.55386222661482,1.33231317376326,-0.61203403574082,-0.846732596814649,0.970119463351536,-1.03863825410222
concrete_point_0777,concrete,regression,21.16,0.310785011407432,nominal,0.55338386520181,-0.856471824489096,-0.846732596814649,0.160751302425227,-1.03863825410222,1.23570652114089,-0.244218847117496,-0.61203403574082,0.372074455682734,-1.03863825410222,1.15425558745146
concrete_point_0997,concrete,regression,26.86,0.34919785941295,nominal,-1.23023956195556,1.91012322785714,-0.846732596814649,0.86318861963816,0.0159595475609998,0.371441791545757,-1.11854554540659,-0.279597287383783,-0.463902176478933,0.735764396315264,-1.03863825410222
concrete_point_0207,concrete,regression,24.9,0.366535091412563,nominal,-0.660896246956293,-0.856471824489096,1.05335634656589,-0.0593457236348242,-0.0844783383116881,1.08909018308457,0.0713370083277811,-0.279597287383783,-0.846732596814649,2.87843929493261,-1.03863825410222
concrete_point_0173,concrete,regression,65.2,0.285689431612011,anomaly,1.37630025326798,0.375572809211806,-0.846732596814649,-1.31436706372193,1.7234036073967,-1.55386222661482,1.4158793489207,0.717712957687329,-0.846732596814649,-1.03863825410222,0.300533557533616
concrete_point_0287,concrete,regression,27.77,0.380291540082314,nominal,-0.954658259905496,-0.856471824489096,1.76276455404513,-0.56041767658005,0.233574966951824,1.06336801851328,0.0526281631432785,-0.279597287383783,-0.846732596814649,0.166616376370032,0.568367919860784
concrete_point_0802,concrete,regression,19.69,0.216009522362171,nominal,-0.279101318074431,-0.856471824489096,-0.846732596814649,0.160751302425227,-1.03863825410222,1.77587197713784,0.129958056572557,-0.279597287383783,1.05023120027743,-1.03863825410222,0.534888624569888
concrete_point_0428,concrete,regression,19.42,0.30012781511531,nominal,-0.869495982535857,-0.856471824489096,1.10960897975807,-0.700905140022636,0.618586862797128,1.3643173439973,0.315799252071949,-0.501221786288474,-0.846732596814649,0.970119463351536,0.26705426224272
concrete_point_0941,concrete,regression,31.42,0.353207917407117,nominal,0.141925671168725,-0.856471824489096,0.820532948076001,1.86533252552861,0.719024748669816,-1.97699183381243,0.0601117012170798,-0.279597287383783,-0.846732596814649,-1.03863825410222,0.618586862797128
concrete_point_0713,concrete,regression,21.48,0.361119657350855,nominal,-0.853229030678735,2.4815230438633,-0.846732596814649,0.488555383791262,-1.03863825410222,-0.554556133020452,-0.716929002112595,-0.61203403574082,-0.846732596814649,0.300533557533616,-1.03863825410222
concrete_point_0276,concrete,regression,29.93,0.235945407448886,nominal,-0.284842595200474,-0.856471824489096,1.00179143280638,0.324653343108245,-0.0677386906662401,0.71354658034383,-0.198070362329056,-0.501221786288474,-0.846732596814649,0.233574966951824,0.133137081079136
concrete_point_0202,concrete,regression,26.4,0.385550399459319,nominal,-0.865668464451829,-0.856471824489096,1.11273412604653,-0.911636335186516,0.26705426224272,1.50578924913936,0.379409325699258,-0.279597287383783,0.62208615875912,-1.03863825410222,0.903160872769744
concrete_point_0935,concrete,regression,22.93,0.412712470378533,nominal,-0.929779392359309,0.1402905320328,2.12215637721744,1.47196762788937,-0.0342593953753441,-0.642011492562816,-1.87812465989739,-0.279597287383783,-0.846732596814649,-0.15143692889348,0.652066158088024
concrete_point_0231,concrete,regression,30.39,0.345134656448564,nominal,-0.645586174620179,0.280532677543439,-0.463902176478933,0.00621509263838172,0.116397433433688,1.19455105782683,0.147419645411425,-0.501221786288474,-0.846732596814649,-1.03863825410222,-0.0342593953753441
concrete_point_0056,concrete,regression,14.64,0.314900001893618,nominal,-0.790074982292262,0.678078594156242,-0.846732596814649,0.488555383791262,-1.03863825410222,0.070492466061739,0.647569440010462,-0.61203403574082,1.12210956491189,-1.03863825410222,0.652066158088024
concrete_point_0503,concrete,regression,33.49,0.361011340114224,nominal,2.00784073713271,-0.555125065540616,1.07523237058507,1.33148016444678,-0.385791995929752,-1.16931586627413,-0.930209837215925,-0.61203403574082,2.02840198856379,0.534888624569888,1.7234036073967
concrete_point_0047,concrete,regression,15.05,0.241825114792046,nominal,0.649071817302527,-0.856471824489096,-0.846732596814649,0.488555383791262,-1.03863825410222,0.952762710856766,0.41557975972263,-0.675355321142161,1.11273412604653,-1.03863825410222,0.652066158088024
concrete_point_0638,concrete,regression,26.06,0.353333054751224,nominal,0.897860492764393,-0.856471824489096,-0.846732596814649,0.20758045690609,-1.03863825410222,0.83701297028599,-0.194328593292156,-0.61203403574082,-0.846732596814649,-1.03863825410222,-0.117957633602584
concrete_point_0251,concrete,regression,24.92,0.275230904505016,nominal,-0.298238908494575,-0.856471824489096,0.648649902210986,0.273141273179297,-0.117957633602584,-0.20602080307956,1.09283995540163,-0.501221786288474,0.722090839989674,0.785983339251608,-1.03863825410222
concrete_point_0931,concrete,regression,30.88,0.413312056177927,nominal,-1.1689992726111,1.5658925070583,1.66901016539149,0.910017774119022,0.133137081079136,-1.60659266398595,-1.30438674090598,-0.279597287383783,-0.846732596814649,-1.03863825410222,1.10403664451512
concrete_point_0418,concrete,regression,12.18,0.340015602298131,nominal,-0.827393283611542,-0.856471824489096,0.723653413133902,-0.532320183891533,0.216835319306376,0.322569678860318,1.59922603172883,-0.675355321142161,-0.846732596814649,0.233574966951824,-0.117957633602584
concrete_point_0636,concrete,regression,15.58,0.351886768567963,nominal,0.180200852009012,-0.856471824489096,-0.846732596814649,0.113922147944365,-1.03863825410222,1.31287301485474,0.267156254592242,-0.61203403574082,0.631461597624484,0.802722986897056,0.317273205179064
concrete_point_0692,concrete,regression,6.81,0.345768717715187,nominal,-0.661853126477301,0.781231907796299,-0.846732596814649,1.02709066032118,-1.03863825410222,0.00618705463353004,-0.294109100942836,-0.675355321142161,1.46743822978615,-1.03863825410222,1.13751593980602
concrete_point_0350,concrete,regression,17.37,0.308146871769689,nominal,-0.647499933662193,-0.856471824489096,1.87526982042951,-1.26285499379298,0.919900520415191,1.02092644697067,0.0239412671937084,-0.675355321142161,-0.846732596814649,0.903160872769744,-0.0342593953753441
concrete_point_0430,concrete,regression,29.59,0.37277711012775,nominal,-0.647499933662193,-0.856471824489096,1.87526982042951,-1.04744088318102,0.919900520415191,0.909035031085583,-0.0209599612490982,-0.501221786288474,-0.846732596814649,0.551628272215336,-0.117957633602584
concrete_point_0599,concrete,regression,13.22,0.306181615556374,nominal,0.55338386520181,-0.856471824489096,-0.846732596814649,0.722701156195573,-1.03863825410222,-0.0632627897089354,0.0925403662035513,-0.675355321142161,1.07523237058507,1.28817276861505,0.133137081079136
concrete_point_0191,concrete,regression,22.14,0.326199587492297,nominal,-0.453253390897737,-0.856471824489096,0.631461597624484,0.764847395228349,-0.268614462411616,-0.333345517707413,0.98058688429461,-0.501221786288474,-0.846732596814649,-1.03863825410222,0.0494388428518959
concrete_point_0421,concrete,regression,33.09,0.3485157489946,nominal,-1.11158650135067,0.63287658031397,1.21742652670976,-0.302857326935308,0.317273205179064,0.422886120688324,-0.336515816694375,-0.501221786288474,1.87526982042951,0.484669681633544,0.501409329278992
concrete_point_0882,concrete,regression,25.56,0.3474471759793,nominal,-1.22641204387153,0.824115869646659,0.918975056162328,-0.167052778940808,0.300533557533616,0.374014008002886,-1.05493547177928,-0.279597287383783,1.17992477124831,-1.03863825410222,-1.03863825410222
concrete_point_0781,concrete,regression,17.54,0.232294500734498,nominal,-0.413064451015435,-0.856471824489096,-0.846732596814649,0.160751302425227,-1.03863825410222,1.86589955313733,0.192320873854232,-0.279597287383783,1.44087448633428,-1.03863825410222,0.903160872769744
concrete_point_0429,concrete,regression,24.66,0.276550541065231,nominal,-0.298238908494575,-0.856471824489096,0.648649902210986,0.479189552895091,-0.15143692889348,-0.308909461364694,1.04294970157629,-0.501221786288474,0.88772359327778,0.233574966951824,-1.03863825410222
concrete_point_0905,concrete,regression,23.79,0.346594269651519,nominal,-1.20727445345139,1.26454574810982,-0.846732596814649,0.535384538272125,0.467930033988096,-1.23362127770234,1.1776533869047,-0.279597287383783,0.62208615875912,-1.03863825410222,0.702285101024368
concrete_point_0837,concrete,regression,33.42,0.348347155139005,nominal,0.218476032849299,0.766164569848875,-0.846732596814649,1.51879678237023,-0.0342593953753441,-1.00212179656079,-0.643340877720219,-0.279597287383783,0.918975056162328,0.903160872769744,-1.03863825410222
concrete_point_0804,concrete,regression,19.11,0.393602252998981,nominal,1.07009880654568,-0.856471824489096,-0.846732596814649,0.488555383791262,-1.03863825410222,-0.423373093706906,-0.194328593292156,-0.675355321142161,-0.846732596814649,0.384231795760856,0.300533557533616
concrete_point_0246,concrete,regression,25.69,0.317823005502494,nominal,-0.412107571494428,-0.856471824489096,0.623648731903347,0.240360865042692,0.133137081079136,-0.296048379079052,0.915729554321667,-0.501221786288474,0.825220667508684,-1.03863825410222,0.802722986897056
concrete_point_0958,concrete,regression,29.73,0.347946860200905,nominal,-1.32209999597225,1.10691821265985,1.38305927999787,0.427677482966141,0.367492148115408,-0.0709794390803207,-1.62243710904252,-0.279597287383783,-0.846732596814649,-1.03863825410222,0.133137081079136
concrete_point_0678,concrete,regression,7.68,0.339002922311584,nominal,-1.71442059958519,0.916837949323115,-0.846732596814649,0.488555383791262,-1.03863825410222,-1.10501045484592,2.1006230826735,-0.61203403574082,-0.846732596814649,0.0494388428518959,0.76924369160616
concrete_point_1007,concrete,regression,18.03,0.349186375789814,nominal,-1.1154140194347,-0.856471824489096,1.50337741210338,0.00153217719029577,0.919900520415191,0.647955060687055,-0.557280189871507,-0.279597287383783,-0.846732596814649,0.467930033988096,0.635326510442576
concrete_point_0271,concrete,regression,26.77,0.32918575520529,nominal,-0.47239098131788,-0.856471824489096,1.05335634656589,-0.354369396864256,0.0829181381427919,1.0736568843418,0.0613589575627136,-0.501221786288474,-0.846732596814649,-1.03863825410222,0.300533557533616
concrete_point_0206,concrete,regression,20.92,0.328466295658303,nominal,-0.660896246956293,-0.856471824489096,1.05335634656589,-0.0593457236348242,-0.0844783383116881,1.08909018308457,0.0713370083277811,-0.501221786288474,-0.846732596814649,0.76924369160616,-0.050999043020792
concrete_point_0885,concrete,regression,23.84,0.334002826189663,nominal,0.180200852009012,-0.856471824489096,1.02835517625825,1.42513847340851,0.635326510442576,-1.2207601954167,-0.568505496982208,-0.279597287383783,-0.846732596814649,2.64408422789634,0.451190386342648
concrete_point_0863,concrete,regression,35.23,0.330996424439283,anomaly,-1.35080638160247,1.04433080887824,1.15336102779644,2.59586733543006,-0.0342593953753441,-1.33650993598747,-1.46653006583833,-0.279597287383783,-0.846732596814649,0.702285101024368,0.635326510442576
concrete_point_0807,concrete,regression,24,0.280724942561185,nominal,0.964842059234895,-0.856471824489096,-0.846732596814649,0.160751302425227,-1.03863825410222,0.952762710856766,-0.431307298962522,-0.61203403574082,-0.846732596814649,0.585107567506232,1.35513135919684
concrete_point_0646,concrete,regression,19.54,0.36107512253586,nominal,-0.74318788576291,2.68203454116364,-0.846732596814649,1.02709066032118,-1.03863825410222,-0.122423768222888,-1.79081671570305,-0.61203403574082,-0.846732596814649,-1.03863825410222,0.116397433433688
concrete_point_0950,concrete,regression,17.96,0.348361618038842,nominal,-1.27329914040088,-0.856471824489096,1.2877423182,-1.09895295310996,1.6564450168149,0.371441791545757,0.704943231909604,-0.279597287383783,-0.846732596814649,-0.385791995929752,0.534888624569888
concrete_point_0240,concrete,regression,13.36,0.308882055501077,nominal,-0.492485451259031,-0.856471824489096,1.00022885966215,0.638408678130021,-0.0175197477298962,0.709688255658135,-0.199317618674689,-0.675355321142161,1.10960897975807,1.62296572152401,-0.0844783383116881
concrete_point_0502,concrete,regression,25.61,0.353194627112286,nominal,2.00784073713271,-0.555125065540616,1.07523237058507,1.33148016444678,-0.385791995929752,-1.16931586627413,-0.930209837215925,-0.675355321142161,-0.846732596814649,0.451190386342648,-1.03863825410222
concrete_point_0670,concrete,regression,16.11,0.354815511873889,nominal,0.0653753094881514,1.36885808774584,-0.846732596814649,0.488555383791262,-1.03863825410222,-0.52626175199204,-0.695725644236826,-0.675355321142161,-0.846732596814649,-0.117957633602584,-1.03863825410222
concrete_point_0410,concrete,regression,14.94,0.298764573704464,nominal,-1.0886213928465,0.64910294425735,1.1627364666618,-0.284125665142963,0.26705426224272,0.429316661831145,-0.336515816694375,-0.675355321142161,1.10335868718116,0.802722986897056,0.919900520415191
concrete_point_0981,concrete,regression,26.92,0.34814893998687,nominal,-1.27616977896391,1.17298269442932,-0.846732596814649,-0.485491029410671,-0.670366005902368,0.348291843431602,0.684987130379468,-0.279597287383783,0.715840547412765,1.35513135919684,0.300533557533616
concrete_point_0993,concrete,regression,15.42,0.347432641539532,nominal,-1.31635871884621,-0.856471824489096,1.8862078324391,-1.08490420676571,1.95775867443297,-0.388648171535672,0.884548145680829,-0.279597287383783,1.356495536546,-1.03863825410222,3.68194238191411
concrete_point_0786,concrete,regression,16.26,0.316846184546763,nominal,0.476833503521236,-0.856471824489096,-0.846732596814649,0.488555383791262,-1.03863825410222,0.0653480331474826,0.641333158282295,-0.61203403574082,-0.846732596814649,0.467930033988096,0.568367919860784
concrete_point_0947,concrete,regression,32.96,0.350825315249116,nominal,-1.25990282710678,1.87882952596634,-0.846732596814649,-0.270076918798704,1.07055734922422,-1.62202596272872,1.48572570427618,-0.279597287383783,-0.846732596814649,-1.03863825410222,-1.03863825410222
concrete_point_0778,concrete,regression,31.84,0.282023211241802,nominal,0.55338386520181,-0.856471824489096,-0.846732596814649,0.160751302425227,-1.03863825410222,1.23570652114089,-0.244218847117496,-0.279597287383783,-0.846732596814649,1.35513135919684,1.47230889271498
concrete_point_0773,concrete,regression,24,0.277775310032414,nominal,0.964842059234895,-0.856471824489096,-0.846732596814649,0.20758045690609,-1.03863825410222,0.952762710856766,-0.431307298962522,-0.61203403574082,-0.846732596814649,0.903160872769744,-1.03863825410222
concrete_point_0709,concrete,regression,6.28,0.346417484885374,nominal,-1.58045746664419,1.14864314851425,-0.846732596814649,0.488555383791262,-1.03863825410222,-0.811777778733288,1.47574765351111,-0.675355321142161,-0.846732596814649,0.283793909888168,0.216835319306376
concrete_point_1030,concrete,regression,32.4,0.351455415538817,nominal,-0.193939040704793,0.308349301446376,0.376762175115416,0.891286112326677,0.400971443406304,-1.39438480627286,-0.150674621194983,-0.279597287383783,-0.846732596814649,-0.385791995929752,-0.0342593953753441
concrete_point_1015,concrete,regression,33.31,0.353177827263934,nominal,-1.42735674328304,1.53691685715941,1.66744759224726,-0.124906539908032,-0.117957633602584,-1.36351820878732,-0.473714014714061,-0.279597287383783,-0.463902176478933,0.467930033988096,1.07055734922422
concrete_point_0409,concrete,regression,20.73,0.370392916670657,nominal,-0.98719216361974,0.647943918261394,1.00647915223906,-0.0780773854271694,-0.436010938866096,0.442177744116787,-0.334021304003109,-0.675355321142161,-0.846732596814649,-1.03863825410222,2.0749362079511
concrete_point_0984,concrete,regression,29.07,0.352164235154015,nominal,-1.38525404435872,1.0165141849753,1.11898441862344,-0.466759367618326,0.702285101024368,-0.647155925477072,-0.114504187171611,-0.279597287383783,1.05335634656589,0.903160872769744,0.0829181381427919
concrete_point_0195,concrete,regression,12.45,0.328330033402846,nominal,-0.827393283611542,-0.856471824489096,0.723653413133902,-0.747734294503499,0.216835319306376,0.430602770059709,1.6503635418998,-0.675355321142161,0.903349324720054,-1.03863825410222,0.702285101024368
concrete_point_0990,concrete,regression,19.99,0.347351995652617,nominal,-1.288609212737,0.471771966876128,0.548645220980431,0.952164013151798,0.4344507386972,-1.45225967655825,0.697459693835803,-0.279597287383783,1.00022885966215,-1.03863825410222,-1.03863825410222
concrete_point_0216,concrete,regression,22.72,0.28157171782507,nominal,-0.869495982535857,-0.856471824489096,1.10960897975807,-0.921002166082688,0.618586862797128,1.48135319279664,0.361947736860389,-0.501221786288474,-0.846732596814649,-1.03863825410222,0.903160872769744
concrete_point_0843,concrete,regression,15.57,0.351399553161983,nominal,-1.24554963429168,-0.856471824489096,2.02840198856379,-0.682173478230291,0.970119463351536,0.232542102860826,-0.0197127049034644,-0.279597287383783,0.656462767932123,0.702285101024368,-1.03863825410222
concrete_point_0697,concrete,regression,10.79,0.337957686432075,nominal,-0.930736271880316,0.564494046552584,-0.846732596814649,1.02709066032118,-1.03863825410222,-0.176440313822583,0.329519071873918,-0.61203403574082,1.07523237058507,1.35513135919684,0.133137081079136
concrete_point_0600,concrete,regression,20.97,0.282208132975203,nominal,0.55338386520181,-0.856471824489096,-0.846732596814649,0.722701156195573,-1.03863825410222,-0.0632627897089354,0.0925403662035513,-0.61203403574082,1.87526982042951,0.702285101024368,0.76924369160616
concrete_point_0926,concrete,regression,27.23,0.408734832320617,nominal,-1.12115529656074,1.03274054891868,1.15336102779644,0.722701156195573,0.300533557533616,-0.153290365708428,-1.65361851768336,-0.279597287383783,-0.846732596814649,0.8529419298334,-1.03863825410222
concrete_point_0063,concrete,regression,9.87,0.322519731537688,nominal,0.27588880410973,-0.856471824489096,-0.846732596814649,0.488555383791262,-1.03863825410222,-0.02467954285201,0.960630782764473,-0.675355321142161,-0.846732596814649,0.970119463351536,-1.03863825410222
concrete_point_0534,concrete,regression,11.65,0.346710107967658,nominal,0.0749441046982231,-0.856471824489096,-0.846732596814649,0.488555383791262,-1.03863825410222,-0.768050098962105,1.51815436926265,-0.675355321142161,1.76276455404513,0.317273205179064,0.785983339251608
concrete_point_0738,concrete,regression,17.54,0.236474578721371,nominal,-0.413064451015435,-0.856471824489096,-0.846732596814649,0.20758045690609,-1.03863825410222,1.87876063542298,0.192320873854232,-0.279597287383783,1.39712243829592,0.317273205179064,2.87843929493261
concrete_point_0235,concrete,regression,13.18,0.293966559642799,nominal,-0.644629295099171,0.280532677543439,-0.463902176478933,0.00621509263838172,0.0829181381427919,1.19712327428396,0.148666901757059,-0.675355321142161,1.00647915223906,0.551628272215336,-1.03863825410222
concrete_point_0823,concrete,regression,25.18,0.345157734608494,nominal,0.39071434663059,-0.856471824489096,-0.846732596814649,1.00367608308075,-1.03863825410222,0.0139037040049154,0.329519071873918,-0.279597287383783,0.903349324720054,0.953379815706088,-1.03863825410222
concrete_point_0703,concrete,regression,17.17,0.314228134078319,nominal,-0.776678668998162,0.685032750131976,-0.846732596814649,0.488555383791262,-1.03863825410222,-0.0967016036516043,0.406848965303196,-0.61203403574082,-0.846732596814649,2.1418947985329,1.57274677858766
concrete_point_0467,concrete,regression,33.56,0.445306070435113,nominal,-0.869495982535857,-0.856471824489096,1.10960897975807,-0.700905140022636,0.618586862797128,1.3643173439973,0.315799252071949,0.860185849840345,0.66427563365326,0.903160872769744,0.551628272215336
concrete_point_0988,concrete,regression,33.76,0.348536876638466,nominal,-1.14029288698089,1.34683659382268,1.46743822978615,-0.129589455356117,2.108415503242,-1.7339173786138,-0.401373146667318,-0.279597287383783,1.21586395356554,-1.03863825410222,0.568367919860784
concrete_point_0176,concrete,regression,79.3,0.252394225877719,anomaly,0.779207432159503,1.33408730786716,-0.846732596814649,-0.780514702640102,0.903160872769744,-0.362926006964389,-0.221768232896093,0.717712957687329,-0.846732596814649,-0.0677386906662401,-0.285354110057064
concrete_point_0910,concrete,regression,23.74,0.350652568442913,nominal,-1.29339361034204,1.14864314851425,-0.846732596814649,0.0202638389826409,-0.536448824738784,0.168236691432617,0.541552650631614,-0.279597287383783,1.11273412604653,1.7234036073967,-1.03863825410222
concrete_point_0425,concrete,regression,33.01,0.402993357227793,nominal,-1.03025174206506,-0.275799800515294,1.86433180841991,-0.785197618088188,0.0494388428518959,0.428030553602582,0.24844740940774,-0.501221786288474,1.00179143280638,-0.385791995929752,0.886421225124296
concrete_point_0718,concrete,regression,4.83,0.34622133053443,nominal,-1.33836694782937,1.60066328693697,-0.846732596814649,1.02709066032118,-1.03863825410222,-0.0143906770234971,-0.312817946127339,-0.675355321142161,0.697089669682036,1.7234036073967,-0.754064244129608
concrete_point_0765,concrete,regression,14.7,0.275495513602191,nominal,0.99354844486511,-0.856471824489096,-0.846732596814649,0.20758045690609,-1.03863825410222,-0.0889849542802189,-0.13196577601048,-0.675355321142161,1.00179143280638,1.47230889271498,-1.03863825410222
concrete_point_0591,concrete,regression,10.34,0.258592686853113,nominal,-0.412107571494428,-0.856471824489096,-0.846732596814649,0.19353171056183,-1.03863825410222,1.87618841896585,0.196062642891132,-0.61203403574082,1.12210956491189,0.317273205179064,-1.03863825410222
concrete_point_0932,concrete,regression,15.34,0.412770757865563,nominal,-1.31253120076218,-0.682617925095742,2.20028503442881,-0.260711087902532,-0.0342593953753441,0.61837457143008,-0.805484202652575,-0.279597287383783,0.762717741739587,0.133137081079136,-1.03863825410222
concrete_point_0687,concrete,regression,14.14,0.354699553458441,nominal,0.230915466622393,1.50214607728074,-0.846732596814649,1.02709066032118,-1.03863825410222,-0.0967016036516043,-1.77834415224671,-0.675355321142161,-0.846732596814649,-0.201655871829824,0.953379815706088
concrete_point_0956,concrete,regression,32.25,0.351143739453714,nominal,-0.0819841367469531,-0.856471824489096,0.553332940413113,0.802310718813038,0.735764396315264,-0.53526450959199,-0.141943826775548,-0.279597287383783,1.05023120027743,0.0829181381427919,1.13751593980602
concrete_point_0715,concrete,regression,8.37,0.337377352573773,nominal,-1.22641204387153,0.325734691385711,-0.846732596814649,0.488555383791262,-1.03863825410222,-1.09214937256028,2.11434290247547,-0.61203403574082,0.387700187125008,0.8529419298334,-1.03863825410222
concrete_point_0998,concrete,regression,45.3,0.326561192188406,anomaly,0.27588880410973,0.798617297735634,-0.846732596814649,-0.640027239197515,0.635326510442576,-0.7539029084479,0.379409325699258,-0.279597287383783,-0.846732596814649,-0.0844783383116881,-0.720584948838712
concrete_point_0215,concrete,regression,9.45,0.317221672754485,nominal,-0.869495982535857,-0.856471824489096,1.10960897975807,-0.921002166082688,0.618586862797128,1.48135319279664,0.361947736860389,-0.675355321142161,-0.846732596814649,0.133137081079136,1.33839171155139
concrete_point_0700,concrete,regression,9.56,0.35324751603424,nominal,-0.74318788576291,2.68203454116364,-0.846732596814649,1.02709066032118,-1.03863825410222,-0.122423768222888,-1.79081671570305,-0.675355321142161,-0.846732596814649,-0.0677386906662401,0.76924369160616
concrete_point_0321,concrete,regression,28.68,0.34122000389646,nominal,-0.306850824183639,-0.856471824489096,0.697089669682036,-1.09895295310996,1.10403664451512,0.191386639546772,1.43957721948774,-0.501221786288474,-0.846732596814649,-0.436010938866096,-1.03863825410222
concrete_point_0416,concrete,regression,8.49,0.313878274080157,nominal,-0.298238908494575,-0.856471824489096,0.648649902210986,0.479189552895091,-0.15143692889348,-0.308909461364694,1.04294970157629,-0.675355321142161,0.723653413133902,-1.03863825410222,-0.268614462411616
concrete_point_0983,concrete,regression,25.1,0.347514031919799,nominal,0.301724551176923,-0.856471824489096,-0.846732596814649,-0.162369863492722,0.300533557533616,0.34443351874591,0.606409980604557,-0.279597287383783,1.86433180841991,-0.268614462411616,-0.0844783383116881
concrete_point_0445,concrete,regression,33.27,0.32414821025672,nominal,-0.284842595200474,-0.856471824489096,1.00179143280638,0.530701622824039,-0.0677386906662401,0.909035031085583,-0.240477078080596,-0.279597287383783,0.918975056162328,0.635326510442576,-0.117957633602584
concrete_point_0260,concrete,regression,13.33,0.347619900595247,nominal,-0.656111849351258,-0.856471824489096,0.722090839989674,-1.03807505228484,0.702285101024368,0.39716395611704,1.6241711586415,-0.675355321142161,-0.846732596814649,0.26705426224272,-1.03863825410222
concrete_point_0242,concrete,regression,24.54,0.318760182763781,nominal,-0.492485451259031,-0.856471824489096,1.00022885966215,0.638408678130021,-0.0175197477298962,0.709688255658135,-0.199317618674689,-0.279597287383783,0.833033533229821,0.986859110996984,1.15425558745146
concrete_point_0766,concrete,regression,23.22,0.264763400415885,nominal,0.99354844486511,-0.856471824489096,-0.846732596814649,0.20758045690609,-1.03863825410222,-0.0889849542802189,-0.13196577601048,-0.61203403574082,-0.846732596814649,-1.03863825410222,-0.0844783383116881
concrete_point_0551,concrete,regression,27.74,0.352452492053123,nominal,1.07009880654568,-0.856471824489096,-0.846732596814649,0.488555383791262,-1.03863825410222,-0.41565644433552,0.149914158102693,-0.61203403574082,-0.846732596814649,-1.03863825410222,0.300533557533616
concrete_point_0812,concrete,regression,27.92,0.370704981585776,nominal,0.27588880410973,-0.856471824489096,-0.846732596814649,0.488555383791262,-1.03863825410222,-0.0375406251376518,0.953147244690672,-0.279597287383783,-0.846732596814649,-0.0844783383116881,-1.03863825410222
concrete_point_0857,concrete,regression,40.87,0.323987831612241,anomaly,0.71605338377303,-0.856471824489096,1.37212126798828,0.535384538272125,0.802722986897056,-2.21106353141111,0.0551226758345461,-0.279597287383783,1.10335868718116,-0.0677386906662401,0.451190386342648
concrete_point_0662,concrete,regression,10.39,0.33849664150708,nominal,-1.33836694782937,1.60066328693697,-0.846732596814649,1.02709066032118,-1.03863825410222,-0.0143906770234971,-0.312817946127339,-0.61203403574082,-0.846732596814649,-1.03863825410222,-1.03863825410222
concrete_point_0555,concrete,regression,15.69,0.36628871907725,nominal,-0.411150691973421,0.984061457088545,-0.846732596814649,0.19353171056183,-1.03863825410222,0.870451784228658,-0.489928347207298,-0.61203403574082,1.05804406599857,0.635326510442576,0.233574966951824
concrete_point_0733,concrete,regression,9.01,0.251006306786683,nominal,0.649071817302527,-0.856471824489096,-0.846732596814649,0.488555383791262,-1.03863825410222,1.06851245142754,0.441772142980934,-0.61203403574082,0.504893172942064,-1.03863825410222,0.60184721515168
concrete_point_0103,concrete,regression,46.9,0.321833338931521,anomaly,2.3934631840986,-0.856471824489096,-0.846732596814649,-1.86226817114802,3.68194238191411,-1.55386222661482,1.49819826773252,-0.61203403574082,1.71588735971831,1.7234036073967,1.35513135919684
concrete_point_0641,concrete,regression,30.14,0.376296939704221,nominal,1.13708037301619,-0.856471824489096,-0.846732596814649,0.254409611386952,-1.03863825410222,0.669818900572647,-0.356471918224512,-0.61203403574082,1.05804406599857,1.7234036073967,-1.03863825410222
concrete_point_0577,concrete,regression,21.18,0.310514944470785,nominal,0.555297624243824,-0.856471824489096,-0.846732596814649,0.19353171056183,-1.03863825410222,1.23827873759801,-0.240477078080596,-0.61203403574082,-0.846732596814649,-1.03863825410222,-1.03863825410222
concrete_point_0748,concrete,regression,26.06,0.343896946736284,nominal,2.09395989402336,-0.856471824489096,-0.846732596814649,0.86318861963816,-1.03863825410222,1.95592712913683,-2.00285029446074,-0.675355321142161,1.21586395356554,-1.03863825410222,-0.0342593953753441
concrete_point_0967,concrete,regression,12.46,0.348932338311732,nominal,-1.2091882124934,-0.856471824489096,1.3846218531421,0.549433284616384,0.484669681633544,0.957907143771024,-0.958896733165496,-0.279597287383783,1.84714350383341,0.618586862797128,0.836202282187951
concrete_point_0252,concrete,regression,29.22,0.327950820172411,nominal,-0.298238908494575,-0.856471824489096,0.648649902210986,0.273141273179297,-0.117957633602584,-0.20602080307956,1.09283995540163,-0.279597287383783,1.00647915223906,-1.03863825410222,0.334012852824512
concrete_point_0690,concrete,regression,16.89,0.338834880336961,nominal,-1.18813686303125,1.87882952596634,-0.846732596814649,0.488555383791262,-1.03863825410222,-0.482534072220858,0.0950348788948189,-0.61203403574082,1.09554582146003,-0.050999043020792,1.35513135919684
concrete_point_0758,concrete,regression,18.13,0.322381930468143,nominal,0.658640612512599,-0.856471824489096,-0.846732596814649,1.00367608308075,-1.03863825410222,0.0139037040049154,0.0177049854655408,-0.61203403574082,1.05804406599857,-1.03863825410222,-0.0677386906662401
concrete_point_0775,concrete,regression,11.47,0.342879259663667,nominal,0.964842059234895,-0.856471824489096,-0.846732596814649,0.20758045690609,-1.03863825410222,1.77587197713784,0.129958056572557,-0.61203403574082,0.590834695874571,-0.285354110057064,0.903160872769744
concrete_point_0124,concrete,regression,60.29,0.268923218341142,anomaly,1.37630025326798,0.375572809211806,-0.846732596814649,-1.31436706372193,1.7234036073967,-1.55386222661482,1.4158793489207,-0.279597287383783,0.723653413133902,1.10403664451512,0.26705426224272
concrete_point_0581,concrete,regression,21.86,0.381369962528292,nominal,0.0864266589503091,1.38624347768517,-0.846732596814649,0.19353171056183,-1.03863825410222,0.325141895317447,-0.86410525089735,-0.61203403574082,1.21586395356554,0.68554545337892,-1.03863825410222
concrete_point_0498,concrete,regression,44.03,0.342571458516949,anomaly,0.706484588562958,-0.636256885257514,0.668963353085942,-1.71241487680926,1.15425558745146,-0.0761238719945772,1.21507107727371,-0.279597287383783,1.356495536546,-1.03863825410222,-1.03863825410222
concrete_point_0666,concrete,regression,11.39,0.338675092618714,nominal,-1.0350361396701,0.487998330819508,-0.846732596814649,0.488555383791262,-1.03863825410222,-0.335917734164542,1.03796067619375,-0.61203403574082,2.04402772000607,0.0829181381427919,-1.03863825410222
concrete_point_0217,concrete,regression,28.47,0.337072921979543,nominal,-0.869495982535857,-0.856471824489096,1.10960897975807,-0.921002166082688,0.618586862797128,1.48135319279664,0.361947736860389,-0.279597287383783,-0.846732596814649,-1.03863825410222,0.702285101024368
concrete_point_0280,concrete,regression,13.12,0.283182559221329,nominal,-0.284842595200474,-0.856471824489096,1.00179143280638,0.324653343108245,0.0326991952064479,0.71354658034383,-0.198070362329056,-0.675355321142161,-0.846732596814649,0.300533557533616,-0.0342593953753441
concrete_point_0779,concrete,regression,14.8,0.335345604444,nominal,0.132356875958654,-0.856471824489096,-0.846732596814649,0.160751302425227,-1.03863825410222,1.23570652114089,-0.0571303952724697,-0.61203403574082,0.387700187125008,1.10403664451512,1.62296572152401
concrete_point_0211,concrete,regression,20.08,0.292728591569875,nominal,-0.489614812696009,-0.856471824489096,1.00179143280638,0.65245742447428,-0.268614462411616,0.726407662629472,-0.186845055218354,-0.501221786288474,-0.846732596814649,0.802722986897056,0.233574966951824
concrete_point_0614,concrete,regression,11.36,0.344463076913108,nominal,-0.0398814378226377,-0.856471824489096,-0.846732596814649,0.4417262293104,-1.03863825410222,-0.0632627897089354,1.02798262542868,-0.675355321142161,0.520518904384338,0.200095671660928,0.551628272215336
concrete_point_1026,concrete,regression,44.28,0.329004756923695,anomaly,-0.045622714948681,0.487998330819508,0.564270952422705,-0.0921261317714285,0.451190386342648,-1.32236274547327,-0.0658611896919048,-0.279597287383783,0.648649902210986,-0.285354110057064,-1.03863825410222
concrete_point_0596,concrete,regression,17.6,0.370034993450775,nominal,-0.908728042897152,0.581879436491919,-0.846732596814649,0.19353171056183,-1.03863825410222,1.42090610605413,-0.115751443517245,-0.279597287383783,1.38774699943055,0.719024748669816,-0.117957633602584
concrete_point_0809,concrete,regression,11.47,0.232883071770574,nominal,-0.279101318074431,-0.856471824489096,-0.846732596814649,0.20758045690609,-1.03863825410222,1.77587197713784,0.129958056572557,-0.61203403574082,-0.846732596814649,0.451190386342648,-1.03863825410222
concrete_point_0261,concrete,regression,25.37,0.375104504378072,nominal,-0.656111849351258,-0.856471824489096,0.722090839989674,-1.03807505228484,0.702285101024368,0.39716395611704,1.6241711586415,-0.501221786288474,-0.463902176478933,-1.03863825410222,0.585107567506232
concrete_point_0414,concrete,regression,15.82,0.370187727807916,nominal,-1.02738110350204,0.226058455733522,1.65182186080499,-0.433978959481721,0.585107567506232,0.440891635888224,-0.336515816694375,-0.675355321142161,-0.846732596814649,1.35513135919684,-1.03863825410222
concrete_point_0918,concrete,regression,26.92,0.34833933855433,nominal,-1.27425601992189,1.17182366843337,-0.846732596814649,-0.494856860306843,-0.703845301193264,0.348291843431602,0.6787508486513,-0.279597287383783,-0.846732596814649,-1.03863825410222,0.133137081079136
concrete_point_0255,concrete,regression,13.54,0.337736568639866,nominal,-0.657068728872265,-0.856471824489096,0.722090839989674,-1.04275796773293,0.417711091051752,0.448608285259607,1.62167664595023,-0.675355321142161,-0.846732596814649,0.8529419298334,-1.03863825410222
concrete_point_0230,concrete,regression,18,0.293975522855821,nominal,-0.645586174620179,0.280532677543439,-0.463902176478933,0.00621509263838172,0.116397433433688,1.19455105782683,0.147419645411425,-0.675355321142161,1.39712243829592,0.635326510442576,0.568367919860784
concrete_point_0277,concrete,regression,29.65,0.292761834865081,nominal,-0.284842595200474,-0.856471824489096,1.00179143280638,0.324653343108245,-0.0677386906662401,0.71354658034383,-0.198070362329056,-0.279597287383783,1.88308268615064,1.10403664451512,0.919900520415191
concrete_point_0055,concrete,regression,14.59,0.338680901862719,nominal,-1.35463389968649,1.57052861104213,-0.846732596814649,0.488555383791262,-1.03863825410222,0.952762710856766,0.41557975972263,-0.61203403574082,-0.846732596814649,0.618586862797128,0.802722986897056
concrete_point_0517,concrete,regression,9.85,0.345276396690386,nominal,-0.757541078578018,-0.72897896493397,1.356495536546,1.14416354652333,-0.754064244129608,-0.397650929135622,0.341991635330253,-0.675355321142161,1.86433180841991,-0.117957633602584,0.668805805733471
concrete_point_0351,concrete,regression,33.7,0.356266822107132,nominal,-0.647499933662193,-0.856471824489096,1.87526982042951,-1.26285499379298,0.919900520415191,1.02092644697067,0.0239412671937084,-0.501221786288474,-0.846732596814649,0.802722986897056,0.300533557533616
concrete_point_1022,concrete,regression,31.88,0.334840705531742,nominal,0.162977020630883,-0.856471824489096,0.825220667508684,1.31743141810252,0.819462634542504,-1.20018246375967,-0.366449968989579,-0.279597287383783,-0.846732596814649,-0.670366005902368,0.216835319306376
concrete_point_0942,concrete,regression,28.94,0.348636297925869,nominal,-1.41683106855196,1.57980081900977,-0.846732596814649,0.661823255370452,-0.519709177093336,-0.302478920221873,0.270898023629142,-0.279597287383783,-0.846732596814649,0.903160872769744,1.7234036073967
concrete_point_0545,concrete,regression,14.6,0.338979237919966,nominal,0.0749441046982231,-0.856471824489096,-0.846732596814649,0.488555383791262,-1.03863825410222,-0.768050098962105,1.51815436926265,-0.61203403574082,0.668963353085942,3.68194238191411,-0.385791995929752
concrete_point_0747,concrete,regression,12.64,0.335956909326131,nominal,2.09395989402336,-0.856471824489096,-0.846732596814649,0.86318861963816,-1.03863825410222,1.95592712913683,-2.00285029446074,-0.707015963842831,2.02840198856379,0.300533557533616,0.919900520415191
concrete_point_0571,concrete,regression,25.22,0.259154019036504,nominal,0.140011912126711,-0.856471824489096,-0.846732596814649,0.19353171056183,-1.03863825410222,1.52379476433926,-0.0533886262355697,-0.279597287383783,-0.846732596814649,1.7234036073967,-1.03863825410222
concrete_point_0674,concrete,regression,15.03,0.338020710961537,nominal,-0.661853126477301,0.781231907796299,-0.846732596814649,1.02709066032118,-1.03863825410222,0.00618705463353004,-0.294109100942836,-0.61203403574082,0.356448724240459,0.8529419298334,0.317273205179064
concrete_point_0632,concrete,regression,17.54,0.351891637715806,nominal,0.419420732260806,-0.856471824489096,-0.846732596814649,0.113922147944365,-1.03863825410222,1.15854002742703,0.117485493116221,-0.61203403574082,1.11273412604653,-0.0175197477298962,-1.03863825410222
concrete_point_0569,concrete,regression,25.45,0.310069838427907,nominal,1.10837398738597,-0.856471824489096,-0.846732596814649,0.19353171056183,-1.03863825410222,0.870451784228658,-0.489928347207298,-0.61203403574082,-0.846732596814649,-1.03863825410222,-1.03863825410222
concrete_point_0205,concrete,regression,12.47,0.358743530725387,nominal,-0.660896246956293,-0.856471824489096,1.05335634656589,-0.0593457236348242,-0.0844783383116881,1.08909018308457,0.0713370083277811,-0.675355321142161,-0.846732596814649,0.869681577478848,-1.03863825410222
concrete_point_0772,concrete,regression,13.52,0.325141995976322,nominal,0.476833503521236,-0.856471824489096,-0.846732596814649,0.488555383791262,-1.03863825410222,0.0653480331474826,0.641333158282295,-0.675355321142161,1.10960897975807,1.57274677858766,-1.03863825410222
concrete_point_0222,concrete,regression,21.54,0.374578135595467,nominal,-1.10106082661959,-0.856471824489096,1.70494934770872,-0.237296510662101,-0.285354110057064,1.10195126537021,0.08131505909285,-0.279597287383783,-0.846732596814649,1.7234036073967,0.26705426224272
concrete_point_0419,concrete,regression,11.98,0.309436896280389,nominal,-0.284842595200474,-0.856471824489096,1.00179143280638,0.530701622824039,-0.0677386906662401,0.909035031085583,-0.240477078080596,-0.675355321142161,-0.846732596814649,2.1418947985329,-1.03863825410222
concrete_point_0944,concrete,regression,12.18,0.347404244673064,nominal,-1.23980835716563,-0.856471824489096,0.901786751575827,0.13265380973671,0.283793909888168,0.245403185146468,0.527832830829645,-0.279597287383783,-0.846732596814649,-1.03863825410222,-1.03863825410222
concrete_point_0442,concrete,regression,27.22,0.328311589392265,nominal,-0.298238908494575,-0.856471824489096,0.648649902210986,0.479189552895091,-0.15143692889348,-0.308909461364694,1.04294970157629,-0.279597287383783,-0.846732596814649,1.33839171155139,-1.03863825410222
concrete_point_0940,concrete,regression,32.72,0.351503679563559,nominal,-1.29435048986304,1.81508309618878,-0.846732596814649,0.980261505840315,-0.469490234156992,-1.87667539198443,1.22504912803878,-0.279597287383783,-0.846732596814649,0.0326991952064479,0.133137081079136
concrete_point_0535,concrete,regression,19.2,0.343193265231208,nominal,1.07009880654568,-0.856471824489096,-0.846732596814649,0.488555383791262,-1.03863825410222,-0.41565644433552,0.149914158102693,-0.675355321142161,-0.846732596814649,0.785983339251608,-0.168176576538928
concrete_point_0789,concrete,regression,18.13,0.236146999178333,nominal,0.649071817302527,-0.856471824489096,-0.846732596814649,0.488555383791262,-1.03863825410222,0.952762710856766,0.404354452611928,-0.61203403574082,-0.846732596814649,0.417711091051752,1.7234036073967
concrete_point_0628,concrete,regression,7.84,0.385232789530454,nominal,-0.776678668998162,-0.856471824489096,-0.846732596814649,-0.0733944699790834,-1.03863825410222,1.95592712913683,0.890784427408997,-0.61203403574082,-0.846732596814649,-1.03863825410222,0.216835319306376
concrete_point_0921,concrete,regression,29.07,0.352023976545712,nominal,-1.38908156244275,1.02115028895913,1.12210956491189,-0.448027705825981,0.635326510442576,-0.642011492562816,-0.119493212554145,-0.279597287383783,0.66427563365326,-1.03863825410222,0.903160872769744
concrete_point_0705,concrete,regression,9.73,0.35362108063208,nominal,-0.29632514945256,1.076783536765,-0.846732596814649,1.02709066032118,-1.03863825410222,0.0602036002332262,-0.991325398151967,-0.675355321142161,1.05023120027743,-1.03863825410222,-1.03863825410222
concrete_point_0834,concrete,regression,36.35,0.330716942580802,anomaly,-1.2359808390816,1.20659444831204,1.32524407366146,-0.635344323749429,1.97449832207842,-0.371928764564338,-0.980100091041266,-0.279597287383783,1.356495536546,-0.285354110057064,2.0749362079511
concrete_point_0889,concrete,regression,19.01,0.347496021672772,nominal,-1.22641204387153,0.824115869646659,-0.846732596814649,-0.167052778940808,0.300533557533616,0.348291843431602,0.60391546791329,-0.279597287383783,0.564270952422705,0.618586862797128,-1.03863825410222
concrete_point_0759,concrete,regression,22.53,0.300153961712931,nominal,0.658640612512599,-0.856471824489096,-0.846732596814649,1.00367608308075,-1.03863825410222,0.0139037040049154,0.0177049854655408,-0.501221786288474,-0.846732596814649,0.283793909888168,0.819462634542504
concrete_point_0986,concrete,regression,33.8,0.352801587677377,nominal,-0.247524293881194,0.288645859515129,0.356448724240459,0.329336258556331,0.0494388428518959,-0.693455821705383,-0.302839895362271,-0.279597287383783,1.05804406599857,0.919900520415191,-0.0175197477298962
concrete_point_0424,concrete,regression,29.75,0.337645195309166,nominal,-1.04077741679614,-0.698844289039122,1.84714350383341,-1.15983085393508,-0.352312700638856,0.429316661831145,1.03297165081122,-0.501221786288474,1.21742652670976,0.300533557533616,0.400971443406304
concrete_point_0594,concrete,regression,11.48,0.230971394871008,nominal,-0.274316920469395,-0.856471824489096,-0.846732596814649,0.19353171056183,-1.03863825410222,1.78358862650923,0.133699825609457,-0.61203403574082,-0.846732596814649,-0.385791995929752,-1.03863825410222
concrete_point_0292,concrete,regression,31.27,0.380781181619121,nominal,-0.948916982779453,-0.332592074317123,1.0596066391428,-0.532320183891533,0.334012852824512,1.11224013119873,0.0887985971666514,-0.279597287383783,0.631461597624484,0.283793909888168,0.869681577478848
concrete_point_0247,concrete,regression,30.23,0.363833642076166,nominal,-0.412107571494428,-0.856471824489096,0.623648731903347,0.240360865042692,0.133137081079136,-0.296048379079052,0.915729554321667,-0.279597287383783,0.820532948076001,-1.03863825410222,0.802722986897056
concrete_point_0295,concrete,regression,7.4,0.366454532210464,nominal,-1.07426820003139,-0.367362854195794,1.09554582146003,-1.08958712221379,0.76924369160616,1.38746729211146,0.282123330739845,-0.675355321142161,1.05335634656589,0.635326510442576,0.970119463351536
concrete_point_0767,concrete,regression,27.92,0.283879154372315,nominal,0.99354844486511,-0.856471824489096,-0.846732596814649,0.20758045690609,-1.03863825410222,-0.0889849542802189,-0.13196577601048,-0.501221786288474,1.76276455404513,0.802722986897056,-1.03863825410222
concrete_point_0613,concrete,regression,25.97,0.363938479892906,nominal,-0.0398814378226377,-0.856471824489096,-0.846732596814649,0.4417262293104,-1.03863825410222,-0.0632627897089354,1.02798262542868,-0.279597287383783,-0.846732596814649,0.0494388428518959,1.7234036073967
concrete_point_0900,concrete,regression,13.2,0.348359632877144,nominal,-1.30296240555211,-0.856471824489096,1.24711541645009,-0.0265653154982213,0.802722986897056,0.0782091154331244,0.479189833349939,-0.279597287383783,-0.846732596814649,0.919900520415191,-0.0342593953753441
concrete_point_0780,concrete,regression,25.18,0.334718029786346,nominal,0.132356875958654,-0.856471824489096,-0.846732596814649,0.160751302425227,-1.03863825410222,1.23570652114089,-0.0571303952724697,-0.279597287383783,-0.846732596814649,-0.0677386906662401,-0.0677386906662401
concrete_point_0723,concrete,regression,17.24,0.311047642668799,nominal,0.27588880410973,-0.856471824489096,-0.846732596814649,0.488555383791262,-1.03863825410222,0.502624830859304,0.70369597556397,-0.61203403574082,-0.846732596814649,0.702285101024368,0.216835319306376
concrete_point_0878,concrete,regression,31.42,0.353309945359028,nominal,0.141925671168725,-0.856471824489096,0.825220667508684,1.84660086373626,0.802722986897056,-1.97956405026956,0.0551226758345461,-0.279597287383783,-0.846732596814649,-0.352312700638856,-0.0342593953753441
concrete_point_0734,concrete,regression,33.61,0.33864410588045,nominal,0.649071817302527,-0.856471824489096,-0.846732596814649,0.488555383791262,-1.03863825410222,1.06851245142754,0.441772142980934,-0.279597287383783,-0.846732596814649,-1.03863825410222,0.467930033988096
concrete_point_0408,concrete,regression,19.42,0.298606010761028,nominal,-1.11158650135067,0.63287658031397,1.21742652670976,-0.302857326935308,0.317273205179064,0.422886120688324,-0.336515816694375,-0.675355321142161,0.62208615875912,0.216835319306376,0.26705426224272
concrete_point_0659,concrete,regression,25.89,0.362655691054185,nominal,0.230915466622393,1.50214607728074,-0.846732596814649,1.02709066032118,-1.03863825410222,-0.0967016036516043,-1.77834415224671,-0.61203403574082,-0.846732596814649,0.451190386342648,0.68554545337892
concrete_point_0077,concrete,regression,40.2,0.328764585579164,anomaly,1.79732724251114,0.501906642770977,-0.846732596814649,-2.04958478907147,4.35152828773203,-1.55386222661482,0.834657891855489,-0.675355321142161,-0.846732596814649,0.0829181381427919,-0.268614462411616
concrete_point_0822,concrete,regression,20.77,0.339195348279818,nominal,0.39071434663059,-0.856471824489096,-0.846732596814649,1.00367608308075,-1.03863825410222,0.0139037040049154,0.329519071873918,-0.501221786288474,-0.846732596814649,0.702285101024368,-1.03863825410222
concrete_point_0212,concrete,regression,24.48,0.336270966337782,nominal,-0.489614812696009,-0.856471824489096,1.00179143280638,0.65245742447428,-0.268614462411616,0.726407662629472,-0.186845055218354,-0.279597287383783,0.387700187125008,0.903160872769744,-1.03863825410222
concrete_point_0677,concrete,regression,15.75,0.337389714827631,nominal,-1.09436266997254,2.04341121739205,-0.846732596814649,1.02709066032118,-1.03863825410222,0.0344814356619426,-1.01003424333647,-0.61203403574082,0.723653413133902,-1.03863825410222,0.903160872769744
concrete_point_0563,concrete,regression,24.07,0.278596936629025,nominal,0.969626456839931,-0.856471824489096,-0.846732596814649,0.19353171056183,-1.03863825410222,0.963051576685279,-0.427565529925622,-0.61203403574082,0.66427563365326,-1.03863825410222,-1.03863825410222
concrete_point_0787,concrete,regression,31.45,0.371372175683222,nominal,0.476833503521236,-0.856471824489096,-0.846732596814649,0.488555383791262,-1.03863825410222,0.0653480331474826,0.641333158282295,-0.279597287383783,1.36587097541137,-0.385791995929752,1.7234036073967
concrete_point_0221,concrete,regression,25.48,0.338857034894935,nominal,-1.10106082661959,-0.856471824489096,1.70494934770872,-0.237296510662101,-0.285354110057064,1.10195126537021,0.08131505909285,-0.501221786288474,-0.846732596814649,-1.03863825410222,-1.03863825410222
concrete_point_0542,concrete,regression,15.62,0.344139968325254,nominal,0.49597109394138,-0.856471824489096,-0.846732596814649,0.488555383791262,-1.03863825410222,-0.536550617820553,0.860850275113793,-0.675355321142161,-0.846732596814649,-1.03863825410222,0.635326510442576
concrete_point_0739,concrete,regression,18.91,0.269408881441615,nominal,0.141925671168725,-0.856471824489096,-0.846732596814649,0.20758045690609,-1.03863825410222,1.50578924913936,-0.0571303952724697,-0.61203403574082,-0.846732596814649,-1.03863825410222,-1.03863825410222
concrete_point_0573,concrete,regression,13.09,0.377090008671243,nominal,-0.577647728628669,0.849614441557685,-0.846732596814649,0.19353171056183,-1.03863825410222,1.0556513691419,-0.365202712643947,-0.61203403574082,0.387700187125008,0.903160872769744,1.08729699686967
concrete_point_0698,concrete,regression,7.72,0.338725815423946,nominal,-1.65413718976174,1.02578639294295,-0.846732596814649,1.02709066032118,-1.03863825410222,-0.44652304182106,0.940674681234337,-0.61203403574082,-0.463902176478933,-1.03863825410222,0.200095671660928
concrete_point_0939,concrete,regression,18.29,0.347563686434473,nominal,-1.2091882124934,1.26918185209365,-0.846732596814649,0.549433284616384,0.484669681633544,0.957907143771024,-0.958896733165496,-0.279597287383783,-0.846732596814649,-1.03863825410222,-0.0844783383116881
concrete_point_0764,concrete,regression,6.27,0.287783371851168,nominal,0.99354844486511,-0.856471824489096,-0.846732596814649,0.20758045690609,-1.03863825410222,-0.0889849542802189,-0.13196577601048,-0.707015963842831,-0.846732596814649,-1.03863825410222,0.300533557533616
concrete_point_0499,concrete,regression,55.45,0.342132891149594,anomaly,0.706484588562958,-0.636256885257514,0.668963353085942,-1.71241487680926,1.02033840628788,-0.0761238719945772,1.21507107727371,-0.279597287383783,0.918975056162328,-0.0677386906662401,0.0829181381427919
concrete_point_0265,concrete,regression,19.52,0.339617080570601,nominal,-0.661853126477301,-0.856471824489096,1.10335868718116,-1.05680671407719,0.26705426224272,1.44662827062541,0.32328279014575,-0.675355321142161,-0.846732596814649,-1.03863825410222,0.0494388428518959
concrete_point_0876,concrete,regression,18.28,0.347564823580495,nominal,-1.20727445345139,1.26454574810982,-0.846732596814649,0.535384538272125,0.467930033988096,0.952762710856766,-0.955154964128596,-0.279597287383783,-0.846732596814649,0.785983339251608,0.618586862797128
concrete_point_0999,concrete,regression,30.12,0.348419546912855,nominal,0.226131069017357,-0.856471824489096,0.709590254835855,0.675872001714711,0.60184721515168,-0.173868097365455,-0.852879943786647,-0.279597287383783,-0.846732596814649,0.836202282187951,-1.03863825410222
concrete_point_0291,concrete,regression,21.5,0.338507785090669,nominal,-0.948916982779453,-0.332592074317123,1.0596066391428,-0.532320183891533,0.334012852824512,1.11224013119873,0.0887985971666514,-0.501221786288474,0.714277974268537,0.802722986897056,0.233574966951824
concrete_point_0316,concrete,regression,33.36,0.342245078923364,nominal,-0.281015077116445,-0.856471824489096,0.714277974268537,-1.66090280688031,1.03707805393333,0.425458337145453,1.57428090481616,-0.501221786288474,1.94871075820819,-1.03863825410222,0.836202282187951
concrete_point_0934,concrete,regression,23.89,0.413094771143207,nominal,-1.09244891093053,1.31090678794805,2.20028503442881,0.160751302425227,0.133137081079136,-0.963538549703861,-1.71598133496504,-0.279597287383783,-0.846732596814649,0.4344507386972,-0.536448824738784
concrete_point_0652,concrete,regression,4.9,0.345722673149116,nominal,-0.930736271880316,0.564494046552584,-0.846732596814649,1.02709066032118,-1.03863825410222,-0.176440313822583,0.329519071873918,-0.675355321142161,0.62208615875912,0.618586862797128,0.986859110996984
concrete_point_0150,concrete,regression,64.3,0.281931709345696,anomaly,1.37630025326798,0.375572809211806,-0.846732596814649,-1.31436706372193,1.7234036073967,-1.55386222661482,1.4158793489207,0.1636517104256,1.76276455404513,-1.03863825410222,2.64408422789634
concrete_point_0985,concrete,regression,9.74,0.348971223842314,nominal,-1.2091882124934,-0.856471824489096,1.3846218531421,0.549433284616384,0.484669681633544,-1.23104906124521,1.1739116178678,-0.279597287383783,-0.846732596814649,-1.03863825410222,0.970119463351536
concrete_point_0552,concrete,regression,8.2,0.345058040138498,nominal,-0.250394932444216,-0.856471824489096,-0.846732596814649,0.488555383791262,-1.03863825410222,-1.06899942444612,2.1380407730425,-0.675355321142161,-0.846732596814649,2.0749362079511,1.7234036073967
concrete_point_0850,concrete,regression,18.03,0.349300688320299,nominal,-1.11158650135067,-0.856471824489096,1.49712711952647,0.0202638389826409,0.970119463351536,0.644096736001363,-0.556032933525873,-0.279597287383783,0.903349324720054,0.886421225124296,0.467930033988096
concrete_point_0894,concrete,regression,23.52,0.341243098960017,nominal,-1.26468722471182,0.511178850738622,0.590834695874571,0.0670929934635031,0.133137081079136,-0.256179023993562,0.0800678027472162,-0.279597287383783,-0.463902176478933,0.451190386342648,0.919900520415191
concrete_point_0158,concrete,regression,77.3,0.247363243948846,anomaly,0.779207432159503,1.33408730786716,-0.846732596814649,-0.780514702640102,0.903160872769744,-0.362926006964389,-0.221768232896093,0.1636517104256,-0.846732596814649,-1.03863825410222,0.551628272215336
concrete_point_0220,concrete,regression,10.76,0.368247756359897,nominal,-1.10106082661959,-0.856471824489096,1.70494934770872,-0.237296510662101,-0.285354110057064,1.10195126537021,0.08131505909285,-0.675355321142161,-0.846732596814649,0.585107567506232,-1.03863825410222
concrete_point_0645,concrete,regression,34.29,0.364623855139291,nominal,0.658640612512599,-0.856471824489096,-0.846732596814649,0.20758045690609,-1.03863825410222,0.991345957713692,-0.0446578318161346,-0.279597287383783,-0.846732596814649,0.300533557533616,0.986859110996984
concrete_point_0858,concrete,regression,33.3,0.353102395896654,nominal,-1.42735674328304,1.54271198713919,1.66901016539149,-0.120223624459946,-0.201655871829824,-1.36223210055876,-0.468724989331527,-0.279597287383783,-0.846732596814649,0.26705426224272,0.0829181381427919
concrete_point_0861,concrete,regression,38.46,0.328475973833611,anomaly,0.314163984950017,-0.856471824489096,0.918975056162328,-0.541686014787705,0.635326510442576,-0.616289327991532,0.117485493116221,-0.279597287383783,-0.846732596814649,-1.03863825410222,1.13751593980602
concrete_point_0420,concrete,regression,16.88,0.337631255156253,nominal,-1.11158650135067,-0.856471824489096,1.39712243829592,-0.83202677256905,-1.03863825410222,0.420313904231196,1.58800072461813,-0.501221786288474,0.620523585614892,-1.03863825410222,-1.03863825410222
concrete_point_0482,concrete,regression,61.07,0.264152024842291,anomaly,1.57724495267949,-0.57830558545973,0.387700187125008,-0.916319250634602,0.903160872769744,-0.0761238719945772,-0.768066512283569,0.1636517104256,0.623648731903347,0.8529419298334,-0.117957633602584
concrete_point_0578,concrete,regression,18.2,0.400530807092764,nominal,-1.39195220100577,1.50214607728074,-0.846732596814649,0.19353171056183,-1.03863825410222,1.32830631359751,-0.178114260798921,-0.279597287383783,-0.846732596814649,-1.03863825410222,-1.03863825410222
concrete_point_0376,concrete,regression,25.62,0.338654938652882,nominal,0.907429287974464,-0.856471824489096,-0.846732596814649,1.54689427505875,-1.03863825410222,0.393305631431348,-0.139449314084281,-0.501221786288474,0.722090839989674,-0.0342593953753441,-1.03863825410222
