point.id,motherset,origin,original.label,diff.score,ground.truth,V,V.1,V.2,V.3,V.4,V.5,V.6,V.7,V.8,V.9,V.10,V.11,V.12,V.13,V.14,V.15,V.16,V.17,V.18,V.19,V.20,V.21,V.22,V.23,V.24,V.25,V.26,noise..1,noise..2,noise..3,noise..4,noise..5,noise..6,noise..7,noise..8,noise..9,noise..10,noise..11
fault_point_0337,fault,multiclass,2,0.999999999167258,nominal,-0.703173750674445,-0.769580701155308,-0.131529193735289,-0.131551904157239,-0.336246882302552,-0.208676335104902,-0.154674431549988,-0.363426660737639,1.16546313675841,0.524653024822096,-0.685860558787279,-0.816812013267454,0.816812013267454,-0.703222992277378,-0.100814193900421,1.11099371398076,-0.630001282990064,-0.190991845111368,0.00687017485089365,-0.459173462956191,-1.19359755748205,-0.379359908310617,0.293626349675944,-0.713271166217759,-1.36420688035959,0.937742904345038,0.0285152309449219,0.910321470770198,1.22132078851526,-1.13955999611783,1.22364116273271,0.897405049093153,-0.392819592606445,-0.301108438880254,-0.40088049206789,-0.566026283651164,0.87957726048006,-1.09688159153183
fault_point_0669,fault,multiclass,3,1,nominal,-1.02198107546628,-0.811780948903685,0.394337114710162,0.394343064931528,0.885780672965699,0.435394325122729,0.107938689533384,0.91182451515456,-1.26185157000771,-0.331374312515039,-0.71352731920929,-0.816812013267454,0.816812013267454,-0.703222992277378,-0.914929760035413,0.362786763074247,-0.651029962840716,1.62376185085276,0.45080871362688,-1.1890891816794,-1.19359755748205,1.6713927597784,1.88391193461403,0.958805624303057,-1.37558712319879,-0.375049647645736,1.22132078851526,-0.368552627690022,-1.15486336247568,0.573302865992847,1.22364116273271,-0.390093010523057,-0.435220379895326,-0.452351820446012,-0.121573026200867,0.916106809328588,0.87957726048006,1.44781542864393
fault_point_0355,fault,multiclass,3,5.73130912295452e-31,nominal,-0.599465343814452,-0.695227883693884,-0.859730883373253,-0.859747112735261,-0.337407769783807,-0.328194601951267,-0.159363951569334,-0.346705779963032,2.72143410263413,4.3767760428392,-0.499109925938706,-0.816812013267454,0.816812013267454,-0.703222992277378,0.139416628893511,-1.33616027637463,1.09176799530803,-0.406387844538887,1.60093837241874,0.796196202988222,0.87957726048006,-0.400908085180332,-0.460508295120389,-0.499997188329821,0.0998513782344601,4.20728871739323,-0.756868719779333,-0.37955608378697,1.22132078851526,1.41884136068007,-0.816812013267454,-0.387820875895268,-0.430132285420661,-0.327996151158611,0.696843330014419,1.98071592289305,0.87957726048006,-1.02198107546628
fault_point_0630,fault,multiclass,3,1,nominal,-1.0258221275722,-0.805752342082488,0.0983907673178471,0.0983981009337397,0.911513678800196,0.657831099531241,0.15952340974619,0.933876323479417,-1.4485680859128,-0.224370895347897,-0.71352731920929,-0.816812013267454,0.816812013267454,-0.703222992277378,-0.92460572373128,0.336559450286871,-0.711902457145234,1.68481898454875,-0.123022953161339,-1.55020537936351,-1.19359755748205,1.6826738641396,1.90945118607602,0.944719417301171,-1.40852993141753,-0.395215431854503,1.22132078851526,-0.312489072153311,0.914355268389721,1.32676521930431,1.22364116273271,-0.376963820225369,-0.341938647859787,-0.367655526769187,-0.914100416553216,0.972451637336135,-1.19359755748205,1.27112703177135
fault_point_0480,fault,multiclass,3,6.35596997494726e-30,nominal,-1.02198107546628,-0.860009803473258,0.0480678290589102,0.0481386068946127,1.83054960146077,1.75009526043274,0.715231532038683,2.13433835321259,-1.6664040211354,0.578154733405667,-0.395359574356165,-0.816812013267454,0.816812013267454,-0.703222992277378,-0.921269184525809,1.22391686625974,0.989207065510119,1.26081111165994,-1.53828257261108,-1.49215360290365,0.87957726048006,1.98092598281279,1.75102477253538,1.8752894673633,0.155355018748458,0.171443104411867,1.22132078851526,-0.285383521086748,-0.18918872238787,-1.64844509889994,1.22364116273271,-0.319399172309989,-0.442004505861547,0.751545496817417,-0.810630770762363,0.840833640662258,0.87957726048006,0.0804008789343917
fault_point_0648,fault,multiclass,3,0.999998339115258,nominal,-1.01814002336035,-0.817809555724881,0.226365951798386,0.226374697561725,0.886554597953203,0.611351773535432,0.171247209794554,0.916341456330423,-1.29297098932523,-0.331374312515039,-0.71352731920929,-0.816812013267454,0.816812013267454,-0.703222992277378,-0.904920142419,0.413055779250049,-0.543304094132114,1.56100868566522,-0.148919367923272,-1.50239803404363,-1.19359755748205,1.67177302172316,1.85774977457979,0.999303469433481,-1.31728833532078,-0.35958921308568,1.22132078851526,3.17969986651943,-1.00815623289553,-0.454332640433047,-0.816812013267454,-0.348852986226407,-0.452180694810879,0.46250258982508,-0.491516667209608,-0.0914971852751102,0.87957726048006,-0.518803249590013
fault_point_1935,fault,multiclass,7,3.56037443147756e-42,anomaly,-0.833769522275918,-0.900200515614568,-0.76028923653735,-0.760303866041924,-0.307611657764917,-0.175476816536468,-0.133571591462931,-0.332883627643982,0.823149524265753,-0.224370895347897,-0.685860558787279,-0.816812013267454,0.816812013267454,-0.703222992277378,-0.434468114447549,0.73579743382803,0.018567474508984,-0.153679152297153,-0.210577498308825,-0.352887489878952,-1.19359755748205,-0.0120268696727546,0.37958773264557,-0.274177682330827,-1.01321623279265,0.341507884572475,0.918184972575548,-0.0467957211290316,1.22132078851526,0.11744375534232,1.22364116273271,-0.390750836441927,-0.453876726302434,-1.55340363824472,-0.732451075321143,0.0258145074124767,0.87957726048006,0.0458314099810606
fault_point_0506,fault,multiclass,3,1,nominal,-1.02198107546628,-0.851971661044995,0.346208500448227,0.34620744165183,0.736800112871248,0.339115721274268,0.0821463294269817,0.771688074378264,-1.16849331205517,-0.170869186764326,-0.395359574356165,-0.816812013267454,0.816812013267454,-0.703222992277378,-0.921269184525809,-0.518013824701778,-0.772774951449752,1.30999602491504,0.467661935932265,-1.44648051407126,-1.19359755748205,1.60167806990579,1.77448766208989,0.759177659448196,-1.44147273963627,-0.298419667652419,1.22132078851526,0.0829540973496137,1.22132078851526,-0.454332640433047,-0.816812013267454,-0.370184504450187,0.132950169775687,-0.766265861295828,-0.353734082923258,-1.10086195575404,0.87957726048006,-1.0258221275722
fault_point_1004,fault,multiclass,6,6.81896957583536e-33,nominal,1.13284915595803,1.10933509145097,0.294519040439745,0.294491273186297,-0.355595006990143,-0.338154457521797,-0.173432511627372,-0.391076821392822,0.16964171859795,-0.331374312515039,1.73498097813867,1.22364116273271,-1.22364116273271,0.385982349930674,1.00057739782565,-1.3988144124778,1.1736691694632,-0.475925135692653,1.18988416984838,0.321964411466889,-1.19359755748205,-0.943288372389239,-0.792103291744767,-1.10086195575404,-0.388101490169175,-0.244644243095705,-1.202292775854,0.805268428331748,-0.820795320419679,0.0418097820693743,-0.816812013267454,3.2628065089405,-0.481013230167318,-1.24016179020187,0.205968994583313,-0.438370032696567,0.87957726048006,0.0458314099810606
fault_point_0567,fault,multiclass,3,1,nominal,-1.01814002336035,-0.860009803473258,-0.669441180085187,-0.66942372363627,0.839345173715481,0.458633988120633,0.110283449543057,0.862606643586626,-1.13737389273766,0.1501410647371,-0.71352731920929,-0.816812013267454,0.816812013267454,-0.703222992277378,-0.904920142419,0.310332137499496,-0.199097808155657,1.29812380447415,-0.0597206059655042,-0.944076536914998,-1.19359755748205,1.6506051067982,1.738981873472,1.06357178887959,-1.13101172884754,-0.377066226066612,1.22132078851526,-0.336246933454704,0.950884754469919,0.598377172349638,-0.816812013267454,-0.390897236868976,-0.475925135692653,-0.400592974310174,-0.796220587595608,0.916106809328588,-1.19359755748205,0.954240233032482
fault_point_0464,fault,multiclass,3,3.44377077912936e-30,nominal,-1.01814002336035,-0.858000267866192,-0.0619808441240845,-0.0619206125333713,2.00565012988347,1.81981424942645,0.691783931941953,2.37734354205577,-1.60416518250037,0.578154733405667,-0.395359574356165,-0.816812013267454,0.816812013267454,-0.703222992277378,-0.911593220829942,0.546377952585875,1.3529663345056,1.24893889121905,-1.57527745084241,-1.66545522968822,0.87957726048006,2.02313505868111,1.74500332300369,1.76259981134821,-0.0415032170314047,0.261516940544363,1.22132078851526,-0.360043834869977,-0.409249416758095,-1.29493848468943,-0.816812013267454,2.0147467723654,-0.49118941911665,0.803304342953254,-0.319226732055144,0.0619104128548109,-1.19359755748205,0.0746393007755032
fault_point_0561,fault,multiclass,3,1.68123527957114e-06,nominal,-1.01814002336035,-0.876086088329782,-0.70543395418291,-0.705430348713276,0.486628860660696,0.262756828566869,0.0446301692722142,0.489164530260515,-1.16849331205517,-0.277872603931468,-0.672027178576274,-0.816812013267454,0.816812013267454,-0.703222992277378,-0.905921104180641,-0.112947549430091,-0.745105635856789,1.18957778901462,0.524798470089544,-1.29622885735163,-1.19359755748205,1.4600938724736,1.68914918769251,0.688306430469954,-1.42649873590048,-0.39723201027538,1.22132078851526,0.520665998149915,-0.42869253031691,-1.62008235892258,1.22364116273271,-0.372667455692925,-0.435220379895326,-0.374377454838777,-0.881492108281378,0.484276525927003,-1.19359755748205,-0.753107428051479
fault_point_0679,fault,multiclass,3,1,nominal,-1.02198107546628,-0.807761877689554,0.570304543034743,0.570311026172611,0.922929072365874,0.717590232954423,0.208763369949322,0.944491330443264,-1.60416518250037,-0.331374312515039,-0.699693938998285,-0.816812013267454,0.816812013267454,-0.703222992277378,-0.915263413955961,0.458225040161641,-0.604914436852444,1.64411422875143,-0.291555176215186,-1.68551724067067,-1.19359755748205,1.68749051543989,1.89429374415142,0.999303469433481,-1.35063045030581,-0.400592974310174,1.22132078851526,-0.24954860055672,0.348442826776333,-1.91974087259637,1.22364116273271,-0.380409110275238,-0.321586269961124,-0.0819735838116458,-0.277000928237123,-0.438370032696567,0.87957726048006,-0.820325839905178
fault_point_1744,fault,multiclass,7,1.16805021870024e-38,anomaly,1.30569650072468,1.32234586579991,0.406261637078053,0.406238769821829,-0.327153263699384,-0.238555901816494,-0.121847791414566,-0.351343745491922,1.1343437174409,0.578154733405667,0.974145066533374,-0.816812013267454,0.816812013267454,-0.703222992277378,0.244517613865856,0.981314222976517,0.550556182309682,-0.301233892062461,0.0594851127798996,-0.994018138722375,-1.19359755748205,-0.234353353375587,0.129178486603616,-0.325680376681474,-0.725316054299183,0.970008159079066,0.420323428418012,-0.394321054856211,0.0473691592443791,-0.127544549389613,-0.816812013267454,-0.347947255584402,-0.503061639557537,2.6041088727962,0.141602720852035,-0.566026283651164,-1.19359755748205,1.95483430662612
fault_point_0532,fault,multiclass,3,1,nominal,-1.02198107546628,-0.862019339080323,-0.903530582138277,-0.903511585714909,0.747441581449423,0.425434469552198,0.124352009601095,0.76982586094621,-1.4485680859128,0.1501410647371,-0.699693938998285,-0.816812013267454,0.816812013267454,-0.703222992277378,-0.915263413955961,0.636716474409057,-0.212010155432373,1.30829999342348,0.0594851127798996,-1.05548472556222,-1.19359755748205,1.60700173713243,1.74500332300369,1.06357178887959,-1.13799959725758,-0.35958921308568,1.22132078851526,2.99683402110198,-0.99725630559741,0.915711016733955,1.22364116273271,-0.378390736387666,-0.316498175486458,0.990846136094793,-0.829471301968263,-0.636897512629406,0.87957726048006,-0.190393294533368
fault_point_1772,fault,multiclass,7,2.25649711139358e-39,anomaly,0.433777672679553,0.428102520655751,-0.515721852871456,-0.515730765645245,-0.301226776618012,-0.182116720250155,-0.0937106712984908,-0.317710687384699,1.07210487880587,0.685158150572809,-0.672027178576274,-0.816812013267454,0.816812013267454,-0.521688768576036,1.49471885415594,2.01146478634732,1.36661653019813,-0.141806931856266,-0.0576653349526522,-0.295689416014093,-1.19359755748205,0.0446321600964397,0.406580437442796,0.224121890360911,-0.283682770784927,0.947153603642463,1.20570737914227,-0.380010901113667,-1.09123135446502,-1.73517753564228,1.22364116273271,-0.351554562106871,-0.414868001996663,-0.262793448883596,2.40657673757704,1.02549501057761,0.87957726048006,1.32490176125431
fault_point_0688,fault,multiclass,3,1,nominal,-1.02198107546628,-0.807761877689554,0.646298367190814,0.646297588272691,0.764661412421379,0.700990473670206,0.154833889726844,0.784672816254598,-1.26185157000771,-0.170869186764326,-0.699693938998285,-0.816812013267454,0.816812013267454,-0.703222992277378,-0.915263413955961,0.257148975458429,-0.855045049812828,1.64411422875143,-0.257026623199276,-1.75338659697301,-1.19359755748205,1.61549425389873,1.89429374415142,0.824986657785135,-1.48599544407735,-0.375049647645736,1.22132078851526,-0.377090700595477,-1.33515405183924,0.020023909333145,-0.816812013267454,-0.390280403069679,-0.477621167184208,-1.82631391787005,-0.926237947259798,-0.0914971852751102,0.87957726048006,-0.877941621494064
fault_point_0496,fault,multiclass,3,8.57747236376114e-30,nominal,-1.01814002336035,-0.853981196652061,0.180128490934998,0.180193891916534,1.75044836525414,1.90281304584754,0.759781972222469,2.03092109154569,-1.38632924727777,0.524653024822096,-0.395359574356165,-0.816812013267454,0.816812013267454,-0.703222992277378,-0.911593220829942,1.21881711099553,1.15448511065208,1.27268333210082,-1.59747437778121,-1.66844318877072,0.87957726048006,1.96051859177735,1.75683858587632,1.83171026445122,0.065910303100001,0.144555392133511,1.22132078851526,-0.390725460367906,1.22132078851526,0.0742830640724326,1.22364116273271,2.16590423728989,1.50503964644389,-0.641910192008427,-0.871388863560717,0.571214834766772,0.87957726048006,-1.02390160151924
fault_point_0522,fault,multiclass,3,1,nominal,-1.02198107546628,-0.878095623936847,0.514282222930485,0.514280621959085,0.651474882998972,0.259436876710025,0.0563539693205791,0.678637914952078,-1.19961273137269,-0.170869186764326,-0.409192954567171,-0.816812013267454,0.816812013267454,-0.703222992277378,-0.920935530605262,-0.467744808525975,-0.624836344079378,1.15396112769196,0.562615456726017,-1.19847991022437,-1.19359755748205,1.55744093033208,1.69558590960569,0.776125127247341,-1.36141173299557,-0.30984694537072,1.22132078851526,-0.336077108959328,-1.29774078787001,0.806370598850239,1.22364116273271,-0.365630475166139,-0.343634679351342,-0.0685297276724673,6.38854616837452,-0.0507792431602814,0.87957726048006,-1.05078896626072
fault_point_1153,fault,multiclass,6,5.75155025227616e-32,nominal,-0.78767689700481,-0.604798781375934,-0.462395384334136,-0.462364075170063,0.535773097367177,1.98249189041178,0.801987652396583,0.78164525542324,0.94762720153581,1.38068036215923,1.62431393645063,1.22364116273271,-1.22364116273271,0.02291390252799,-0.472504661389922,2.17392841833578,0.353919579495693,0.996230198977316,-1.60528440763005,-2.42781164702135,-1.19359755748205,1.49102184398072,1.78030147543083,1.35079835352743,-0.831731307514869,0.994207100129587,1.22132078851526,-0.388673902383536,-1.202292775854,-1.65913250816677,1.22364116273271,-0.213500911406048,-0.16555137273804,-2.05822043627087,-0.202068764689771,-0.636897512629406,0.87957726048006,-0.075161731355598
fault_point_0604,fault,multiclass,3,1,nominal,-1.02198107546628,-0.801733270868357,-0.0755852020942001,-0.0755727793916057,0.987745290069304,0.574832303110154,0.192350049881611,1.02652827374403,-1.29297098932523,-0.224370895347897,-0.699693938998285,-0.816812013267454,0.816812013267454,-0.703222992277378,-0.915263413955961,0.49100918114586,-0.568390940269733,1.6831229530572,0.0866146901495434,-1.53227762486855,-1.19359755748205,1.71448911351783,1.90945118607602,1.03848073265748,-1.33086476537456,-0.345473164139543,1.22132078851526,-0.385943046417662,-0.360641632861057,1.22729010228229,-0.816812013267454,-0.401209682950256,-0.360594994266895,0.751545496817417,0.0465373246994191,0.688306430469954,0.87957726048006,-1.06423264863146
fault_point_1585,fault,multiclass,7,8.99099601469984e-38,anomaly,1.37867649073727,1.37258425597655,-0.292013508001925,-0.292037416707606,-0.354627600755763,-0.318234746380737,-0.16405347158868,-0.388775406679623,0.636433008360666,-0.170869186764326,1.57589710571211,1.22364116273271,-1.22364116273271,0.02291390252799,0.420019576073645,-0.361378484443841,0.353919579495693,-0.445396568844658,0.573302865992847,-0.845473887192741,-1.19359755748205,-0.896262645220624,-0.532558053309906,-1.10086195575404,-0.831731307514869,0.311931401066282,-1.13011758158265,-0.376659307337108,-0.331476962522835,0.133063815039994,1.22364116273271,-0.379339411154938,-0.365683088741561,-0.510832594651438,-0.548581488442385,0.0619104128548109,0.87957726048006,-0.899067408076655
fault_point_0599,fault,multiclass,3,1,nominal,-1.02198107546628,-0.819819091331947,-0.105577114290516,-0.105567875346407,0.871656541943758,0.38891499912692,0.0962148894850195,0.884332466960589,-1.41744866659529,-0.598882855432894,-0.71352731920929,-0.816812013267454,0.816812013267454,-0.703222992277378,-0.914929760035413,0.31688896569634,-0.617088935713348,1.5728809061061,0.559738077308025,-1.09688930141962,-1.19359755748205,1.66518181468066,1.86314831553924,0.958805624303057,-1.35721901194955,-0.42815287939549,1.22132078851526,-0.370008823937729,0.668370422607743,-0.992813645800216,-0.816812013267454,-0.398283626414984,-0.472533072709542,0.0625478696845223,-0.759324500357877,0.944719417301171,0.87957726048006,1.08099495252803
fault_point_0947,fault,multiclass,6,2.26124234612783e-06,nominal,1.43245122022023,1.42282264615319,1.00074255223203,1.00071070254537,-0.355208044496391,-0.334834505664954,-0.173432511627372,-0.390206226853308,0.387477653820551,-0.331374312515039,1.61048055623962,1.22364116273271,-1.22364116273271,-0.340154544874694,0.336606095936863,-0.948578876294524,1.58354396444696,-0.475925135692653,0.853641832145831,0.796196202988222,-0.157010148500994,-0.924021767188081,-0.792103291744767,-0.988392396723356,-0.166286581496328,-0.0335757017106036,-1.17607403181257,-0.393827197415635,-0.360641632861057,1.60093837241874,-0.816812013267454,0.158036044362742,0.0820692250290288,1.26846176536883,0.66864339273091,-0.796467826322652,0.87957726048006,-0.186552242427443
fault_point_0683,fault,multiclass,3,1,nominal,-1.01814002336035,-0.81379048451075,0.614300344714753,0.614311046506316,0.897389547778254,0.81054888494604,0.241590010084743,0.935801001093679,-1.29297098932523,0.20364277332067,-0.699693938998285,-0.816812013267454,0.816812013267454,-0.703222992277378,-0.905253796339547,0.809379616925945,-0.389831623643147,1.58305709505544,-0.523389746464867,-1.6364293414583,-1.19359755748205,1.67646291904186,1.86833922030793,1.10010788829073,-1.23423252793293,-0.326651765544693,1.22132078851526,-0.323670160768411,0.83982333308093,1.60093837241874,1.22364116273271,-0.355115020492685,-0.414868001996663,4.85998793295034,0.0444449967587746,0.886833910402793,0.87957726048006,-0.522644301695939
fault_point_0708,fault,multiclass,3,1,nominal,-1.01814002336035,-0.821828626939012,1.68407612032677,1.68407133186299,0.761178749977613,0.611351773535432,0.201729089920303,0.805268428331748,-1.13737389273766,-0.224370895347897,-0.699693938998285,-0.816812013267454,0.816812013267454,-0.703222992277378,-0.905253796339547,0.379543101799514,-0.678330354225772,1.53217615030878,-0.176459999495486,-1.83064668182032,-1.19359755748205,1.61371969815651,1.84716032885165,0.901580408357893,-1.39036147355144,-0.262793448883596,1.22132078851526,-0.0609067702907907,1.21248300962488,-1.07995713674513,-0.816812013267454,0.335436273837057,0.139734295741908,0.180181610902334,-0.72319197475752,0.0966857363907185,0.87957726048006,1.10404126516358
fault_point_0501,fault,multiclass,3,0.99999998199154,nominal,-1.02198107546628,-0.851971661044995,0.31219309740995,0.31220296908431,0.701393044692957,0.687710666242832,0.211108129958995,0.733422906759234,-1.57304576318286,0.257144481904241,-0.395359574356165,-0.816812013267454,0.816812013267454,-0.703222992277378,-0.921269184525809,0.809379616925945,-0.320473872556787,1.30999602491504,-0.512291282995468,-1.62191639734333,-1.19359755748205,1.58380575850208,1.77448766208989,1.03848073265748,-1.19669769190188,-0.301108438880254,1.22132078851526,-0.36453149596043,-0.820795320419679,-0.0432784378626899,1.22364116273271,-0.356038319185936,-0.428436253929105,-0.088695511881235,0.368457728587324,0.193968603497498,-1.19359755748205,-0.789597423057773
fault_point_0018,fault,multiclass,1,0.000156059298344749,nominal,-0.924034246765172,-1.03282986568089,-0.506951882567052,-0.506937749107667,-0.259628308539691,-0.245195805530181,-0.0163335909792829,-0.286090147147967,-0.172671893894709,0.20364277332067,1.57589710571211,-0.816812013267454,0.816812013267454,1.29365346843738,-0.750772031126226,0.332916767955291,-1.39810148385071,-0.425044190945995,-0.995279971015638,0.627589940476137,0.87957726048006,0.316265942636446,-0.393649441699569,1.01250928849775,1.44731206107249,-0.154570406963209,1.19716419288158,-0.196668766306885,0.140165837593269,0.235827365682583,-0.816812013267454,-0.0538190376159606,-0.504757671049092,-0.869111360760543,-0.416430664306534,1.76259981134821,0.87957726048006,-0.67244533382704
fault_point_0609,fault,multiclass,3,1,nominal,-1.01814002336035,-0.811780948903685,-0.0415844504231347,-0.0415778865011649,0.862756404587466,0.491833506689068,0.0868358494463276,0.879784293693623,-1.47968750523032,-0.277872603931468,-0.699693938998285,-0.816812013267454,0.816812013267454,-0.703222992277378,-0.905253796339547,0.151511187842611,-0.719649865511264,1.59492931549632,0.225551010618324,-1.16006329344947,-1.19359755748205,1.66125244125148,1.87353012507663,0.901580408357893,-1.41272265246355,-0.407987095186723,1.22132078851526,1.91588353998255,1.22132078851526,1.18988416984838,1.22364116273271,-0.335407571006294,-0.477621167184208,3.73608155971503,0.771822265234024,-0.178435494114879,-0.157010148500994,-1.01814002336035
fault_point_0860,fault,multiclass,5,3.14364090819496e-31,nominal,0.0861624570932802,0.0081095787790542,0.299436264681615,0.299415790715257,-0.350564494571369,-0.324874650094424,-0.145295391511296,-0.384014464792013,0.760910685630724,-0.224370895347897,-0.644360418154263,-0.816812013267454,0.816812013267454,0.385982349930674,1.90244394506453,-0.473573100256503,-1.05168165262682,-0.49118941911665,-0.747825341068283,0.796196202988222,0.87957726048006,-0.733383778881889,-1.15754298746105,-0.178435494114879,1.25983753430038,0.298487544927104,-1.0296614948621,-0.231929797162884,1.22132078851526,0.10634529187292,-0.816812013267454,-0.374172452082982,-0.128238679923824,-2.6026966099076,-0.0946342335258041,1.19122803983419,-1.19359755748205,-1.09688159153183
fault_point_0537,fault,multiclass,3,0.999698528495651,nominal,-1.01429897125442,-0.872067017115651,-0.865510847738238,-0.865509006742998,0.391629568444624,0.199677743286843,0.0118035291367927,0.394461022011531,-1.41744866659529,-0.170869186764326,-0.672027178576274,-0.816812013267454,0.816812013267454,-0.703222992277378,-0.896245140484774,-0.0393653663321763,-0.87607372966348,1.18957778901462,0.860218699386956,-1.19250399205939,-1.19359755748205,1.39519583390128,1.68914918769251,0.591683854316388,-1.49737568691655,-0.365638948348311,1.22132078851526,-0.385529221210539,1.22132078851526,-1.61597181689688,-0.816812013267454,-0.390633716100289,-0.13332677439849,0.486701530875602,0.252361985344794,-0.566026283651164,0.87957726048006,1.32490176125431
fault_point_0659,fault,multiclass,3,1,nominal,-1.0258221275722,-0.815800020117816,0.322352693542964,0.322357426787921,0.848825754812401,0.508433265973285,0.114972969562403,0.874588054536257,-1.32409040864274,-0.224370895347897,-0.71352731920929,-0.816812013267454,0.816812013267454,-0.703222992277378,-0.92460572373128,0.3059609187016,-0.714484926600577,1.62376185085276,0.204998300489806,-1.33806028450653,-1.19359755748205,1.65491474217215,1.88391193461403,0.916106809328588,-1.40992750509954,-0.368327719576146,1.22132078851526,-0.378193583812574,1.22132078851526,0.445053954790895,1.22364116273271,4.53417319350168,-0.347026742334453,-0.840207070061309,-0.401289603321568,-0.438370032696567,0.87957726048006,-0.78767689700481
fault_point_0703,fault,multiclass,3,1,nominal,-1.01814002336035,-0.817809555724881,1.53411486880282,1.53411163038065,0.855984560946809,0.578152254966998,0.178281489823573,0.900172993167212,-1.19961273137269,-0.224370895347897,-0.71352731920929,-0.816812013267454,0.816812013267454,-0.703222992277378,-0.904920142419,0.165353380702615,-0.673534339522992,1.56100868566522,-0.0662974732066297,-1.70045703608314,-1.19359755748205,1.6582103456934,1.85774977457979,0.916106809328588,-1.38776597957057,-0.29102554677587,1.22132078851526,-0.308423044292757,-0.154721384715425,-1.33522179654132,-0.816812013267454,-0.400116559761629,-0.428436253929105,0.281682724753131,-0.493437686856701,0.484276525927003,0.87957726048006,1.44781542864393
fault_point_0764,fault,multiclass,4,6.55167893195871e-31,nominal,0.447221355050293,0.381883201693244,-0.821805255831843,-0.821828496815395,-0.364882106840186,-0.358074168662858,-0.187501071685409,-0.40086808195381,0.636433008360666,-0.170869186764326,-0.685860558787279,-0.816812013267454,0.816812013267454,-0.521688768576036,1.60182176265157,-0.589410398400744,0.661233444681533,-0.516629891489979,1.60093837241874,0.796196202988222,-1.19359755748205,-2.01448627077729,-1.52319031936808,-2.03847510931712,-0.66542003935602,0.396627694743106,-1.35282960961998,-0.245090219551676,-1.30716775201973,0.573302865992847,1.22364116273271,2.13433835321259,-0.465748946743321,-0.761560511647115,-0.682700103897583,-0.566026283651164,-1.19359755748205,0.508678188745104
fault_point_0564,fault,multiclass,3,1,nominal,-1.01814002336035,-0.843933518616733,-0.687438694162296,-0.687427881440398,0.867206473265612,0.29263639527846,0.063388249349598,0.883762481297948,-0.95065737683257,-0.170869186764326,-0.685860558787279,-0.816812013267454,0.816812013267454,-0.703222992277378,-0.905587450260094,-0.284153619014347,-0.5783518938832,1.39140553650969,0.717171836892472,-0.950052455079984,-1.19359755748205,1.66315375097527,1.78611528877177,0.901580408357893,-1.33625540671945,-0.411348059221517,1.22132078851526,0.941096792541438,0.950884754469919,1.60093837241874,-0.816812013267454,-0.398061097765871,-0.49118941911665,0.467880132280752,0.860973017146132,-1.55007990092358,-1.19359755748205,-0.113572252414855
fault_point_0596,fault,multiclass,3,1,nominal,-1.01814002336035,-0.811780948903685,-0.12757163404578,-0.127562813919511,0.872623948178137,0.395554902840607,0.0985596494946925,0.887377595843193,-1.4485680859128,-0.331374312515039,-0.699693938998285,-0.816812013267454,0.816812013267454,-0.703222992277378,-0.905253796339547,0.301589699903704,-0.65545705333559,1.59492931549632,0.568781269764573,-1.15024571360699,-1.19359755748205,1.66556207662542,1.87353012507663,0.944719417301171,-1.37798296379652,-0.419414372905024,1.22132078851526,-0.393836957444105,-1.0844557239824,-0.64136230260256,1.22364116273271,-0.369833143425271,-0.291057703113129,1.59514746955086,0.245564314472724,-1.55007990092358,0.87957726048006,0.944637602767668
fault_point_0486,fault,multiclass,3,1.1379958972739e-29,nominal,-1.01814002336035,-0.862019339080323,0.114102668109942,0.114167376426406,1.73864600919471,1.78329477900117,0.764471492241815,2.02774713028728,-1.60416518250037,0.578154733405667,-0.409192954567171,-0.816812013267454,0.816812013267454,-0.703222992277378,-0.911259566909395,1.11755054217761,1.10615603941638,1.22689048182883,-1.57240007142442,-1.69789592829814,0.87957726048006,1.95734974223769,1.73296042394031,1.82048531824659,0.0920648962918488,0.170770911604909,1.22132078851526,-0.387910668157191,-1.1489715098821,-0.412405111770871,1.22364116273271,-0.391318870098875,-0.425044190945995,0.636600526827441,-0.871639627345685,-1.37576308927524,0.87957726048006,-0.0578769968789325
fault_point_0652,fault,multiclass,3,1,nominal,-1.02198107546628,-0.809771413296619,0.258364537788571,0.258368001453096,0.942083715806589,0.548272688255406,0.15952340974619,0.977206945874317,-1.32409040864274,-0.331374312515039,-0.699693938998285,-0.816812013267454,0.816812013267454,-0.703222992277378,-0.915263413955961,-0.175601685533265,-0.784949450310656,1.63224200831054,0.102234749847217,-1.69149315883566,-1.19359755748205,1.69560277026143,1.88910283938272,0.871647218478884,-1.44826095466316,-0.350178513788256,1.22132078851526,-0.369751159186124,-0.967502449999829,0.426556515675229,1.22364116273271,-0.398670123542392,1.08103177355508,-2.78351647497955,0.119484227989596,0.0258145074124767,0.87957726048006,0.249407171595121
fault_point_1240,fault,multiclass,6,1.28587920381647e-31,nominal,1.05410758778655,1.05909670127433,0.495936457125038,0.495922016103039,-0.255371721108421,-0.255155661100711,-0.112468751375875,-0.2772319453087,0.138522299280435,-0.224370895347897,-0.699693938998285,-0.816812013267454,0.816812013267454,-0.703222992277378,-0.0601084155936718,-0.652064534503919,0.607001586119326,-0.253745010298913,0.426556515675229,0.674116731903523,0.87957726048006,0.337814119506162,0.129178486603616,0.282227494243693,0.362195923685514,0.0423820854757546,1.14678885320646,-0.372731871880827,-1.09123135446502,0.573302865992847,-0.816812013267454,-0.377153164777684,-0.392819592606445,0.564675896482836,-0.752613047146707,-0.988392396723356,-1.19359755748205,-1.0776763310022
fault_point_0635,fault,multiclass,3,1,nominal,-1.01814002336035,-0.797714199654226,0.134386922500311,0.134391201760751,0.889263335409466,0.564872447539624,0.133731049639787,0.904367853403568,-1.51080692454783,-0.331374312515039,-0.71352731920929,-0.816812013267454,0.816812013267454,-0.703222992277378,-0.904920142419,0.0983280258015448,-0.814463386943149,1.68481898454875,0.114155321721757,-1.551485933256,-1.19359755748205,1.67291380755744,1.90945118607602,0.871647218478884,-1.46403357193153,-0.420758758518942,1.22132078851526,-0.386231943260371,-1.18785773699973,-1.18354279579286,-0.816812013267454,-0.306890719822985,-0.431828316912216,2.82929346312744,-0.72313280577455,-1.76335387881152,0.87957726048006,-1.01814002336035
fault_point_0581,fault,multiclass,3,1,nominal,-1.02198107546628,-0.851971661044995,-0.567474426461773,-0.567462712402437,0.851147529774911,0.345755624987955,0.0962148894850195,0.861371023982339,-1.16849331205517,-0.331374312515039,-0.71352731920929,-0.816812013267454,0.816812013267454,-0.703222992277378,-0.914929760035413,-0.0823490178448195,-0.487227614530376,1.37274919010258,0.440121304360051,-1.13146425651704,-1.19359755748205,1.65605552800643,1.77448766208989,0.944719417301171,-1.28694102108291,-0.435547000272038,1.22132078851526,-0.368224690733434,1.22132078851526,1.60093837241874,1.22364116273271,-0.31003930500737,-0.45557275779399,0.174131875639703,-0.350771689175892,-0.713271166217759,0.87957726048006,-0.847213204646658
fault_point_1169,fault,multiclass,6,2.78712222532886e-32,nominal,0.500996084533253,0.47834091083239,-0.75517534586637,-0.755183810398471,-0.301613739111764,-0.241875853673337,-0.121847791414566,-0.334273455698093,-0.0793136359421659,-0.170869186764326,1.59664717602862,1.22364116273271,-1.22364116273271,-0.158620321173352,2.17837573735701,0.877862044759647,0.845695548634619,-0.324978332944234,0.020023909333145,0.658323233896061,0.87957726048006,0.0413365565751889,0.0924268808412399,0.162494734727657,0.233020184791426,-0.342112200104748,1.05016247067175,-0.392521305606365,1.22132078851526,0.344756729363728,-0.816812013267454,0.903483594824197,-0.416564033488218,-0.407987095186723,-0.0067829451825418,-0.988392396723356,-1.19359755748205,0.372320838984743
fault_point_0445,fault,multiclass,3,4.93497821741062e-30,nominal,-1.02198107546628,-0.817809555724881,-0.202049605209571,-0.201982253551569,1.95766678065824,1.64385680101375,0.654267771787186,2.29440672413008,-1.69752344045292,0.578154733405667,-0.423026334778176,-0.816812013267454,0.816812013267454,-0.703222992277378,-0.920601876684714,1.29239929409344,1.5621463603884,1.52030392986789,-1.34467604320044,-1.45587124261624,-1.19359755748205,2.01185395431991,1.86833922030793,1.8262078398411,-0.177866477718673,0.201691780725019,1.22132078851526,-0.187490435533806,1.22132078851526,1.08712061920579,-0.816812013267454,-0.210223493845861,-0.406387844538887,0.46922451789467,-0.835284513666537,-0.566026283651164,-1.19359755748205,-1.01814002336035
fault_point_0644,fault,multiclass,3,1,nominal,-1.01814002336035,-0.803742806475423,0.198375641768827,0.19838006358516,0.977103821491129,0.478553699261694,0.0704225293786169,1.00983276904345,-1.35520982796026,-0.331374312515039,-0.699693938998285,-0.816812013267454,0.816812013267454,-0.703222992277378,-0.905253796339547,-0.198186315989061,-0.771668178826034,1.64411422875143,0.332425103286617,-1.05463102296723,-1.19359755748205,1.71017947814389,1.89429374415142,0.886833910402793,-1.44087377948684,-0.36631114115527,1.22132078851526,-0.39168975118073,-1.0844557239824,0.43929919595491,1.22364116273271,-0.382936957648938,-0.475925135692653,0.742806990326951,-0.12757163404578,-1.37576308927524,-1.19359755748205,0.203314546324013
fault_point_0007,fault,multiclass,1,5.13316050543464e-32,nominal,-0.303704331658176,-0.34556868806448,-0.85215556301072,-0.851946438040972,1.38496228990555,0.392234950983764,0.818400972464293,2.49013238305945,-1.91535937567552,3.68125383125278,1.57589710571211,-0.816812013267454,0.816812013267454,1.29365346843738,0.526788830648726,-0.547883819820733,-1.81240336932934,-0.23339263240025,-1.91974087259637,0.628443643071135,0.87957726048006,1.85607331095002,0.37958773264557,2.67380132678275,1.67152281034306,2.75871321839676,1.22132078851526,-0.387176714016256,-0.645512705760665,-0.277990387530364,1.22364116273271,-0.395787011132388,1.58305709505544,-0.287664582741076,-0.497989753946527,0.776125127247341,-1.19359755748205,1.37099438652542
fault_point_0589,fault,multiclass,3,0.999999999989438,nominal,-1.02198107546628,-0.860009803473258,-0.479492402841853,-0.479485775662101,0.759050456261978,0.332475817560581,0.11262820955273,0.766314202702745,-1.10625447342014,-0.331374312515039,-0.699693938998285,-0.816812013267454,0.816812013267454,-0.703222992277378,-0.915263413955961,-0.409461891220696,-0.639593312395624,1.32017221386437,0.418335431623822,-1.51733782945609,-1.19359755748205,1.61270566630382,1.75102477253538,0.824986657785135,-1.36939786832133,-0.432858229044203,1.22132078851526,-0.369296341859427,-1.09123135446502,0.230894715251739,1.22364116273271,-0.369030869085046,-0.392819592606445,0.266894483000034,0.272875589983436,1.96640961890676,-1.19359755748205,-1.09688159153183
fault_point_0646,fault,multiclass,3,1,nominal,-1.02198107546628,-0.811780948903685,0.212371642054792,0.212377098818234,0.908998422590809,0.508433265973285,0.0985596494946925,0.93888907410155,-1.26185157000771,-0.331374312515039,-0.71352731920929,-0.816812013267454,0.816812013267454,-0.703222992277378,-0.914929760035413,0.1099846092626,-0.714484926600577,1.62376185085276,0.204998300489806,-1.21854192120682,-1.19359755748205,1.68153307830533,1.88391193461403,0.916106809328588,-1.40992750509954,-0.364294562734393,1.22132078851526,-0.375302663379794,0.194370881454208,-0.317451590977118,1.22364116273271,-0.36265171447713,1.0572873326733,0.783138558744486,-0.292921329254922,1.01250928849775,0.87957726048006,-0.125095408732632
fault_point_1252,fault,multiclass,6,5.26346376478178e-32,nominal,0.610466069552134,0.60896072529165,6.07906364822103,6.07901078765247,-0.231186565248932,-0.245195805530181,-0.119503031404893,-0.247167153610068,-0.203791313212224,0.0966393561535286,-0.685860558787279,-0.816812013267454,0.816812013267454,-0.703222992277378,1.04728894670225,-0.865525719134502,1.46843961158023,-0.167247404229595,0.951883786560146,0.66301859816855,-1.19359755748205,0.446315527744261,0.351764483085353,0.193968603497498,-0.228778090420361,0.147916356168305,1.19186152554735,-0.389852913822698,1.2207316032559,-0.0576653349526522,1.22364116273271,-0.370139608319225,-0.482709261658874,0.635928334020482,-0.262695558697344,0.792632401077677,-1.19359755748205,0.771790258001013
fault_point_0684,fault,multiclass,3,1,nominal,-1.0258221275722,-0.815800020117816,0.620299516073789,0.620302852763946,0.848632273565525,0.704310425527049,0.236900490065398,0.874808631179676,-1.38632924727777,-0.331374312515039,-0.699693938998285,-0.816812013267454,0.816812013267454,-0.703222992277378,-0.924939377651827,0.365700908939511,-0.693087322542019,1.62036978786965,-0.289499905202334,-1.9181511978076,-1.19359755748205,1.65491474217215,1.88391193461403,0.930633210299284,-1.39834760887719,-0.36631114115527,1.22132078851526,-0.245090219551676,1.22132078851526,-0.913069130501566,-0.816812013267454,-0.385123204026192,-0.189295813619813,-1.12588901301885,-0.401771971411305,-0.796467826322652,-1.19359755748205,-0.00218174134301028
fault_point_0542,fault,multiclass,3,1.43650153053164e-32,nominal,-0.839531100434807,-0.928334014113486,-0.829471301968263,-0.829491674968081,-0.346888350880727,-0.268435468528085,-0.145295391511296,-0.378261904011863,1.04098545948835,0.257144481904241,-0.672027178576274,-0.816812013267454,0.816812013267454,-0.703222992277378,-0.450149848713264,0.0866714423404887,-0.76428969466791,-0.292753734604684,0.407648022356992,-1.84601332853028,-1.19359755748205,-0.618671425546049,0.0139404007385377,-1.10086195575404,-1.43688071182396,0.676259902438017,-0.837292507681704,-0.379189106716502,-1.1489715098821,1.60093837241874,1.22364116273271,0.280206224731675,-0.263921199248245,0.179509418095375,-0.250570425301479,1.91160546979004,-1.19359755748205,-1.09688159153183
fault_point_0597,fault,multiclass,3,1,nominal,-1.02198107546628,-0.821828626939012,-0.121573026200867,-0.121564245536884,0.925250847328385,0.425434469552198,0.105593929523711,0.941096792541438,-1.47968750523032,-0.277872603931468,-0.71352731920929,-0.816812013267454,0.816812013267454,-0.703222992277378,-0.914929760035413,0.0604441295531134,-0.630001282990064,1.56100868566522,0.401893263521008,-1.20445582838936,-1.19359755748205,1.68850454729259,1.85774977457979,0.944719417301171,-1.36420688035959,-0.424119722553737,1.22132078851526,-0.374188068128533,0.171981841598603,-0.111924489691939,-0.816812013267454,2.0147467723654,-0.275793419689132,2.55369441227428,-0.202049605209571,-0.178435494114879,0.87957726048006,-1.02198107546628
fault_point_1257,fault,multiclass,6,7.42827736315478e-31,nominal,1.44013332443208,1.43487985979558,-0.0540645977168199,-0.0540844366828488,-0.342631763449457,-0.304954938953363,-0.149984911530642,-0.380707767146416,-0.172671893894709,-1.18740164985217,-0.672027178576274,1.22364116273271,-1.22364116273271,0.02291390252799,-0.959639385388729,-0.257926306226971,0.148797719899862,-0.428436253929105,-0.248805539147868,0.571672420503775,0.87957726048006,-0.51017001730795,-0.611044533412608,-0.325680376681474,0.610165425550209,-1.02438789916805,-0.743906644073456,-0.371586044538462,0.637732789121126,1.05300312039245,-0.816812013267454,-0.346110418226369,-0.486101324641984,0.0625478696845223,1.69745112804861,0.840833640662258,-0.157010148500994,-1.04310686204887
fault_point_0701,fault,multiclass,3,1,nominal,-1.01814002336035,-0.81379048451075,1.52011605094624,1.52011572216841,0.820964455262269,0.571512351253311,0.145454849688152,0.864396632808003,-1.13737389273766,-0.277872603931468,-0.71352731920929,-0.816812013267454,0.816812013267454,-0.703222992277378,-0.904920142419,0.606846479290101,-0.582778984378074,1.58475312654699,-0.0202594025187497,-1.38202596814892,-1.19359755748205,1.64223934401349,1.86833922030793,0.986097650369212,-1.33865124731717,-0.284303618706281,1.22132078851526,-0.377135596726439,-0.963672745814002,-1.02980852403155,-0.816812013267454,-0.390897236868976,-0.481013230167318,0.678276480858894,-0.450795446101395,1.8262078398411,-1.19359755748205,-1.02198107546628
fault_point_1381,fault,multiclass,7,3.61976020511382e-37,anomaly,0.399208203726222,0.612979796505781,1.69745112804861,1.6974203301172,-0.176624853629925,0.249477021139495,0.0516644493012331,-0.185667262215631,0.387477653820551,0.20364277332067,-0.685860558787279,1.22364116273271,-1.22364116273271,0.385982349930674,1.03761298300638,1.6552104543188,-1.61908708438651,1.23028254481194,0.655513706506918,-2.69971592352818,-1.19359755748205,0.632897388639682,1.70825171724131,-0.274177682330827,-1.89947760056832,0.112962330206441,1.22132078851526,-0.386866345110913,1.22132078851526,0.0742830640724326,1.22364116273271,3.54154706602332,-0.425044190945995,0.641978069283112,6.06666295641877,-0.796467826322652,0.87957726048006,1.62450382551651
fault_point_0531,fault,multiclass,3,0.0149385948413744,nominal,-1.02198107546628,-0.855990732259126,-0.913527322689592,-0.913522348262336,0.584530371579907,0.451994084406946,0.164212929765536,0.568212952843804,-1.60416518250037,-0.331374312515039,-0.699693938998285,-0.816812013267454,0.816812013267454,-0.703222992277378,-0.915263413955961,-0.233156066372228,-0.851724731941673,1.3456126862377,0.0261897223717006,-2.02144921180235,-1.19359755748205,1.51992175178246,1.76286003540801,0.688306430469954,-1.48419856362906,-0.524948643597575,1.22132078851526,2.69273886206009,-0.862038288574742,-0.982948344938527,-0.816812013267454,-0.387982892367868,-0.445396568844658,-0.18549127608332,-0.16402930729541,-0.274177682330827,0.87957726048006,-0.232644867698551
fault_point_0024,fault,multiclass,1,1,nominal,-0.939398455188874,-1.05694429296568,-0.846195837640331,-0.846198631793645,-0.315350907639953,-0.32155469823758,-0.103089711337183,-0.339916704159381,0.231880557232978,0.578154733405667,1.57589710571211,-0.816812013267454,0.816812013267454,2.20132458694409,-0.782469153578204,-0.663721117964974,-1.15977644554332,-0.465748946743321,0.230894715251739,0.796196202988222,0.87957726048006,-0.0897270603853178,-0.697005916382234,0.413405296948762,1.31833597556154,0.560642739641083,0.167268359523738,-0.39881652396944,1.22132078851526,-0.865386843003405,-0.816812013267454,0.606505448542549,-0.486101324641984,2.16180600581723,-0.421562587429466,-0.0507792431602814,0.87957726048006,-0.301783805605213
fault_point_1371,fault,multiclass,7,9.50485228760353e-39,anomaly,1.02529969699211,1.02895366716835,0.332473970715578,0.332443699731147,-0.355401525743267,-0.288355179669146,-0.175777271637045,-0.391172469671827,0.231880557232978,-0.705886272600036,-0.658193798365269,1.22364116273271,-1.22364116273271,0.02291390252799,0.0379858370471839,0.115084364526812,-1.51541938196487,-0.255441041790469,1.60093837241874,-1.33806028450653,-1.19359755748205,-0.933528315807074,0.129178486603616,-1.76335387881152,-1.84337499990489,-0.387821310977955,-1.11745009850645,0.934899174463061,-0.452849125950589,-0.454332640433047,1.22364116273271,-0.388113676749365,1.28455555254171,-0.389837889398832,-0.0717375276587784,0.871647218478884,-1.19359755748205,1.97211904110278
fault_point_0022,fault,multiclass,1,1,nominal,-1.01429897125442,-1.1373257172483,-0.881561984032695,-0.881570180631362,-0.336827326043179,-0.328194601951267,-0.126537311433912,-0.368068530277916,0.511955331090608,0.20364277332067,1.57589710571211,-0.816812013267454,0.816812013267454,2.20132458694409,-0.936617264870977,-0.00293854301637713,-0.960926297481899,-0.475925135692653,0.33612459110975,0.796196202988222,0.87957726048006,-0.390007242763888,-0.792103291744767,0.130140478020199,1.21072280204699,0.254122819667815,-0.452849125950589,-0.379335507143551,-0.929500000771236,1.60093837241874,-0.816812013267454,-0.389575729014153,1.2167142928795,0.029610422143535,-0.506482475302157,0.336811546376004,0.87957726048006,-0.18463171637448
fault_point_1751,fault,multiclass,7,1.67909919831197e-37,anomaly,-0.897146882023692,-1.00871543839611,0.372669433146542,0.372642278795787,-0.353466713274508,-0.32155469823758,-0.157019191559661,-0.387336778483162,0.698671846995695,-0.170869186764326,-0.727360699420296,1.22364116273271,-1.22364116273271,-0.158620321173352,-0.594288342389624,0.200323131085782,0.968547309867374,-0.414868001996663,0.778829967278026,-0.804496162632842,-1.19359755748205,-0.844547020733306,-0.532558053309906,-0.887587977866106,-0.499108771197171,0.338819113344639,-1.05057757156931,-0.364562728051533,1.22132078851526,-1.42400950429652,-0.816812013267454,-0.187753956302492,1.56100868566522,0.869851430842187,0.35871062479273,2.25561705641424,-1.19359755748205,-1.01814002336035
fault_point_0697,fault,multiclass,3,1,nominal,-1.01814002336035,-0.807761877689554,0.736276921350379,0.736281185605844,0.920800778650239,0.631271484676493,0.168902449784881,0.95021265913231,-1.32409040864274,-0.331374312515039,-0.699693938998285,-0.816812013267454,0.816812013267454,-0.703222992277378,-0.905253796339547,0.311060673965812,-0.630001282990064,1.62036978786965,-0.127544549389613,-1.54465631249602,-1.19359755748205,1.68660323756879,1.88391193461403,0.972451637336135,-1.36420688035959,-0.368327719576146,1.22132078851526,-0.37330771356055,0.736715912693275,0.652225272886355,-0.816812013267454,-0.268324943327084,1.62376185085276,-0.145831900472743,0.771822265234024,2.57937972047323,0.87957726048006,-1.01814002336035
fault_point_0222,fault,multiclass,2,5.87986054682977e-32,nominal,-0.795359001216661,-0.906229122435765,-0.361104847658951,-0.361126047800477,-0.353466713274508,-0.32155469823758,-0.16405347158868,-0.386175335095246,0.885388362900781,0.524653024822096,-0.741194079631301,1.22364116273271,-1.22364116273271,-0.158620321173352,-0.331702706919034,0.200323131085782,0.968547309867374,-0.440308474369992,0.230894715251739,0.46794755521153,0.87957726048006,-0.844547020733306,-0.697005916382234,-0.713271166217759,0.166535608204515,0.80532092137413,-1.05057757156931,-0.39074693243054,1.22132078851526,-0.747825341068283,-0.816812013267454,-0.368552627690022,0.25336840567611,1.09100286433167,-0.854615302159903,-1.76335387881152,-1.19359755748205,-0.879862147547026
fault_point_0709,fault,multiclass,3,1,nominal,-1.01814002336035,-0.827857233760209,1.69007641871405,1.69006990024562,0.75847001252135,0.498473410402754,0.126696769610768,0.802912357459118,-1.26185157000771,-0.170869186764326,-0.699693938998285,-0.816812013267454,0.816812013267454,-0.703222992277378,-0.905253796339547,0.127469484454184,-0.719280941303357,1.49486345749456,0.0792157145032768,-1.54081465081853,-1.19359755748205,1.61245215834065,1.83096470597331,0.856460526554975,-1.41252299908041,-0.26010467765576,1.22132078851526,-0.337949082419852,-0.756868719779333,1.60093837241874,-0.816812013267454,-0.364246503129109,-0.452180694810879,-0.323290801509899,-0.629418716490145,-0.796467826322652,0.87957726048006,0.0919240352521687
fault_point_0799,fault,multiclass,4,4.93439961432101e-31,nominal,1.00417391040952,0.970677134563446,-0.0812361217248983,-0.0812625440660431,-0.363140775618303,-0.348114313092328,-0.178122031646718,-0.398213354210001,1.38329907198101,1.00616840207423,-0.685860558787279,-0.816812013267454,0.816812013267454,-0.521688768576036,0.164107019013998,1.31862660688082,1.05635127134904,-0.477621167184208,1.60093837241874,0.186225698862222,-1.19359755748205,-1.59949373506288,-1.01863437585071,-1.37576308927524,-0.451591266008928,1.2966938632611,-1.28301115638605,-0.385043171792739,-1.31217582672428,0.778829967278026,1.22364116273271,-0.375595464233891,1.44567854423946,0.0349879645992065,0.246366195070499,0.650889943121193,-1.19359755748205,-0.31330696192299
fault_point_0616,fault,multiclass,3,1,nominal,-1.02198107546628,-0.803742806475423,0.00440450071177944,0.00442090527952679,0.954659996853524,0.614671725392276,0.161868169755863,0.973550839209498,-1.32409040864274,-0.170869186764326,-0.699693938998285,-0.816812013267454,0.816812013267454,-0.703222992277378,-0.915263413955961,0.919388623339658,-0.394996562553833,1.66955470112476,-0.0321799743932901,-1.14128183635951,-1.19359755748205,1.70092643748807,1.90446791749807,1.13532340579545,-1.23702767529694,-0.416725601677189,1.22132078851526,0.135131209549617,-1.202292775854,-0.943487141491773,-0.816812013267454,-0.356137871476329,0.470460436595184,0.358312704746448,-0.606850539357134,-0.380264428813785,0.87957726048006,-0.703173750674445
fault_point_0553,fault,multiclass,3,1.46125739736244e-06,nominal,-0.998934762830722,-0.896181444400437,-0.749453986970231,-0.749452909463637,0.343839700466274,0.209637598857373,0.0141482891464656,0.338746875494042,-1.19961273137269,-0.331374312515039,-0.685860558787279,-0.816812013267454,0.816812013267454,-0.703222992277378,-0.856540323939666,-0.434960667541756,-0.67279649110718,0.943653222739102,0.332425103286617,-1.21811506990932,-1.19359755748205,1.35932445711228,1.55127875703591,0.591683854316388,-1.38736667280428,-0.405298323958887,1.22132078851526,-0.375505671971968,1.06135699059955,0.45080871362688,-0.816812013267454,-0.361894336267867,1.53217615030878,-0.298419667652419,-0.201959442949807,0.413405296948762,0.87957726048006,2.12384059928685
fault_point_0639,fault,multiclass,3,1,nominal,-1.02198107546628,-0.807761877689554,0.166381000377507,0.166386759693788,0.995291058697465,0.498473410402754,0.117317729572076,1.03272589182241,-1.32409040864274,-0.224370895347897,-0.699693938998285,-0.816812013267454,0.816812013267454,-0.703222992277378,-0.915263413955961,-0.121689987025882,-0.729979743332636,1.64411422875143,0.2674785392805,-1.35428063381149,-1.19359755748205,1.7176579630575,1.89429374415142,0.916106809328588,-1.41831294719158,-0.352195092209132,1.22132078851526,-0.389808017691737,1.22132078851526,-1.70229319943665,-0.816812013267454,-0.389526928871804,-0.428436253929105,2.83668758400399,0.514282222930485,0.972451637336135,-1.19359755748205,0.276294536336601
fault_point_0321,fault,multiclass,2,1.38232936137977e-32,nominal,-1.05270949231368,-1.16144014453309,0.574209695910764,0.574182342733311,-0.348242719608858,-0.291675131525989,-0.157019191559661,-0.38154908160052,0.605313589043152,-0.224370895347897,-0.727360699420296,1.22364116273271,-1.22364116273271,-0.158620321173352,-0.993338431363989,0.910646185743867,0.498537868994912,-0.352114836809118,0.401893263521008,-0.270932040759154,-1.19359755748205,-0.658218667801057,-0.21840449670835,-0.713271166217759,-0.75346718132247,0.220513179319869,-0.717393307402345,-0.402234485939594,1.1968696002519,1.53023704957664,1.22364116273271,-0.196668766306885,-0.253745010298913,0.23194045703817,-0.756097254972455,-0.225096054808628,0.87957726048006,0.618148173763986
fault_point_0634,fault,multiclass,3,0.999999999977211,nominal,-1.01814002336035,-0.815800020117816,0.128384933570657,0.128393196888541,0.878041423090663,0.544952736398563,0.119662489581749,0.898605532594949,-1.41744866659529,-0.331374312515039,-0.699693938998285,-0.816812013267454,0.816812013267454,-0.703222992277378,-0.905253796339547,0.353315789012139,-0.595322407446884,1.56948884312299,0.0372881858411004,-1.24244559386676,-1.19359755748205,1.66809715625715,1.86314831553924,0.972451637336135,-1.34543946234406,-0.395887624661462,1.22132078851526,-0.388588014133001,-0.64109381631548,0.778829967278026,-0.816812013267454,-0.369003541005331,-0.486101324641984,-0.618383443764865,0.532319746510363,0.336811546376004,0.87957726048006,-1.05655054441961
fault_point_1087,fault,multiclass,6,6.1589286565412e-32,nominal,1.03490232725692,1.02091552474008,1.52094667076431,1.52091816100137,-0.323864082502493,-0.308274890810206,-0.145295391511296,-0.348357176780137,0.94762720153581,0.524653024822096,1.43064661349655,-0.816812013267454,0.816812013267454,-0.703222992277378,1.05629760255702,-0.502714558909142,0.705135425422368,-0.402995781555776,0.951883786560146,0.796196202988222,0.87957726048006,-0.190116213801877,-0.273220451065793,-0.178435494114879,0.309088123769243,0.808681885408925,-0.0866704872595729,0.837728331016891,1.22132078851526,1.60093837241874,1.22364116273271,-0.369296341859427,-0.292753734604684,0.200347395111101,-0.388262847328065,2.67380132678275,0.87957726048006,-0.167346981897814
fault_point_0559,fault,multiclass,3,0.999999965306419,nominal,-1.00469634098961,-0.886133766365109,-0.71743680501397,-0.717435374624359,0.40459281198531,0.179758032145782,0.0375958892431953,0.403465624277847,-1.35520982796026,-0.224370895347897,-0.672027178576274,-0.816812013267454,0.816812013267454,-0.703222992277378,-0.871554750364287,-0.421118474681752,-0.732931136995886,1.04032701775775,0.684698554889414,-1.40294168172637,-1.19359755748205,1.4044488745571,1.60900161806382,0.611712679897196,-1.41991017425673,-0.396559817468421,1.22132078851526,1.6827828280306,-0.756868719779333,-0.182214758331471,1.22364116273271,-0.364193798975372,-0.114670427991382,0.0659088337193169,0.661590449960884,-0.887587977866106,0.87957726048006,-0.123174882679669
fault_point_0333,fault,multiclass,2,3.04866327977428e-32,nominal,-0.868338991229249,-0.896181444400437,-0.417684483231375,-0.417700239565834,-0.246858546245881,-0.00947922369429491,-0.0561945111437234,-0.24954860055672,1.07210487880587,0.257144481904241,-0.672027178576274,-0.816812013267454,0.816812013267454,-0.703222992277378,-0.52388736515418,0.222179225075262,-0.644020402890498,0.0939414454699156,-0.511058120387757,-1.95315300420252,-1.19359755748205,0.378502147595449,0.806903013204726,-0.178435494114879,-1.37179370891906,0.828847669617693,1.2080641201797,-0.341134755712422,-0.0430707780670788,1.25853022167763,-0.816812013267454,0.935273959556305,-0.445396568844658,0.916904927329311,1.57210811803905,0.901580408357893,0.87957726048006,1.5111927883917
fault_point_0710,fault,multiclass,3,1,nominal,-1.01814002336035,-0.817809555724881,1.72006607685387,1.72006105162751,0.761565712471365,0.588112110537528,0.1759367298139,0.797284725043383,-1.26185157000771,-0.277872603931468,-0.71352731920929,-0.816812013267454,0.816812013267454,-0.703222992277378,-0.904920142419,0.423983826244789,-0.695300867789456,1.56100868566522,-0.0917828337659923,-1.7162505340906,-1.19359755748205,1.61397320611969,1.85774977457979,0.901580408357893,-1.39934587579291,-0.301780631687213,1.22132078851526,-0.370069336114242,-0.553010620041454,-0.0112162100622019,-0.816812013267454,-0.389929042044763,-0.514933859998424,0.0443986638966313,-0.740298009491214,-0.636897512629406,0.87957726048006,-0.822246365958141
fault_point_0580,fault,multiclass,3,1,nominal,-1.01814002336035,-0.843933518616733,-0.573466835651327,-0.573460153764231,0.796005374415277,0.29263639527846,0.0680777693689439,0.812908578617974,-1.2307321506902,-0.277872603931468,-0.685860558787279,-0.816812013267454,0.816812013267454,-0.703222992277378,-0.905587450260094,-0.457545297997551,-0.719280941303357,1.39140553650969,0.717171836892472,-1.22366413677681,-1.19359755748205,1.63045122372594,1.78611528877177,0.808919577923608,-1.41252299908041,-0.395887624661462,1.22132078851526,-0.3431511775943,1.22132078851526,0.230894715251739,-0.816812013267454,-0.352296324270582,-0.414868001996663,2.36279165509795,-0.0321760186167786,-0.796467826322652,0.87957726048006,0.212917176588827
fault_point_1129,fault,multiclass,6,6.54375009687624e-32,nominal,0.341592422137337,0.301501777410623,-0.740227570225773,-0.740242331707503,-0.315737870133705,-0.301634987096519,-0.149984911530642,-0.345433072250559,0.107402879962921,0.1501410647371,-0.685860558787279,-0.816812013267454,0.816812013267454,-0.703222992277378,1.79801026793328,-1.01997544999349,1.58354396444696,-0.328370395927345,1.20961477157176,0.796196202988222,-0.157010148500994,-0.0939099417776748,-0.118323852767868,-0.274177682330827,-0.166286581496328,0.0437264710896725,0.0332287130197862,-0.387131817885294,1.22132078851526,-1.60405124502234,1.22364116273271,-0.389727985458284,-0.392819592606445,0.564675896482836,-0.467292885581683,-1.22851820670864,-1.19359755748205,-0.0501948926670812
fault_point_0680,fault,multiclass,3,1,nominal,-1.01814002336035,-0.803742806475423,0.590307603877473,0.590308320319562,0.857725892168692,0.541632784541719,0.152489129717171,0.886169304318622,-1.38632924727777,-0.224370895347897,-0.699693938998285,-0.816812013267454,0.816812013267454,-0.703222992277378,-0.905253796339547,0.0677294942162732,-0.813356614319431,1.64411422875143,0.135941194457986,-1.68423668677818,-1.19359755748205,1.65897086958292,1.89429374415142,0.856460526554975,-1.4634346117821,-0.358917020278721,1.22132078851526,0.837728331016891,1.22132078851526,0.96832595466296,-0.816812013267454,0.711699035390965,1.554224559699,-0.655354048147606,0.434333656655522,-0.325680376681474,0.87957726048006,-0.954762663612577
fault_point_1816,fault,multiclass,7,5.26244970708944e-37,anomaly,-0.040592262402267,-0.12050070007314,0.437183347578183,0.437160276901199,-0.345340500905719,-0.32155469823758,-0.152329671540315,-0.378152591693,0.574194169725637,0.257144481904241,1.72114759792767,1.22364116273271,-1.22364116273271,0.385982349930674,1.04195048397349,-1.24655029101776,-0.466198934679724,-0.486101324641984,-0.317451590977118,0.796196202988222,0.87957726048006,-0.576715857640897,-0.898205385216939,-0.325680376681474,0.942987615251052,0.225218528968581,-0.963672745814002,0.466011790724255,1.22132078851526,-0.454332640433047,1.22364116273271,-0.366198508823086,1.62036978786965,-0.152553828542333,0.062396302677754,2.37623020386789,0.87957726048006,-0.228803815592625
